Run_ID,Experiment,Replica,Tool_ID,Group,Subgroup,Position,Condition,TCond,Machined_length,Init_diameter,Final_diameter,CTime,R_measurement,ap,vc,f,Ra,Rz,Rsk,Rku,RSm,Rt,Fx,Fy,Fz,F
1_021_B1_4_a,1,1,21,1,2,a,4,0.0,12,94.0,93.5,na,1,0.25,350,0.07,0.391,1.855,0.56,2.423,71.4,2.082,49.23,44.46,21.07,69.60049856
1_021_B1_4_a,1,1,21,1,2,a,4,0.0,12,94.0,93.5,na,2,0.25,350,0.07,0.359,1.67,0.53,2.229,70.9,1.918,49.23,44.46,21.07,69.60049856
1_021_B1_4_a,1,1,21,1,2,a,4,0.0,12,94.0,93.5,na,3,0.25,350,0.07,0.421,1.912,0.634,2.332,71.2,2.062,49.23,44.46,21.07,69.60049856
1_021_B1_4_a,1,1,21,1,2,a,4,0.0,12,94.0,93.5,na,4,0.25,350,0.07,0.45,1.961,0.676,2.325,72.8,2.063,49.23,44.46,21.07,69.60049856
1_021_B1_4_a,1,1,21,1,2,a,4,0.0,12,94.0,93.5,na,5,0.25,350,0.07,0.36,1.782,0.714,2.636,69.4,1.957,49.23,44.46,21.07,69.60049856
1_021_B1_4_a,1,1,21,1,2,a,4,0.0,12,94.0,93.5,na,6,0.25,350,0.07,0.383,1.931,0.58,2.542,67.3,2.039,49.23,44.46,21.07,69.60049856
1_021_B1_6_b,1,1,21,1,2,b,6,0.0,12,94.0,93.5,na,1,0.25,350,0.13,1.181,4.853,0.793,2.39,132.5,5.186,81.03,59.21,25.94,103.6560109
1_021_B1_6_b,1,1,21,1,2,b,6,0.0,12,94.0,93.5,na,2,0.25,350,0.13,1.139,5.005,0.701,2.492,130.2,5.122,81.03,59.21,25.94,103.6560109
1_021_B1_6_b,1,1,21,1,2,b,6,0.0,12,94.0,93.5,na,3,0.25,350,0.13,1.146,5.082,0.847,2.546,129.7,5.249,81.03,59.21,25.94,103.6560109
1_021_B1_6_b,1,1,21,1,2,b,6,0.0,12,94.0,93.5,na,4,0.25,350,0.13,1.125,5.044,0.745,2.561,129.3,5.323,81.03,59.21,25.94,103.6560109
1_021_B1_6_b,1,1,21,1,2,b,6,0.0,12,94.0,93.5,na,5,0.25,350,0.13,1.191,5.036,0.742,2.384,131.6,5.249,81.03,59.21,25.94,103.6560109
1_021_B1_6_b,1,1,21,1,2,b,6,0.0,12,94.0,93.5,na,6,0.25,350,0.13,1.181,4.985,0.81,2.44,129.7,5.137,81.03,59.21,25.94,103.6560109
1_021_B1_5_c,1,1,21,1,2,c,5,0.0,12,94.0,93.5,na,1,0.25,350,0.1,0.612,2.451,0.767,2.32,100.9,2.626,65.48,49.71,22.31,85.18480264
1_021_B1_5_c,1,1,21,1,2,c,5,0.0,12,94.0,93.5,na,2,0.25,350,0.1,0.621,2.487,0.774,2.361,100.6,2.762,65.48,49.71,22.31,85.18480264
1_021_B1_5_c,1,1,21,1,2,c,5,0.0,12,94.0,93.5,na,3,0.25,350,0.1,0.628,2.686,0.799,2.47,100.0,2.9,65.48,49.71,22.31,85.18480264
1_021_B1_5_c,1,1,21,1,2,c,5,0.0,12,94.0,93.5,na,4,0.25,350,0.1,0.628,2.517,0.739,2.255,99.4,2.781,65.48,49.71,22.31,85.18480264
1_021_B1_5_c,1,1,21,1,2,c,5,0.0,12,94.0,93.5,na,5,0.25,350,0.1,0.724,3.02,0.571,2.148,100.6,3.159,65.48,49.71,22.31,85.18480264
1_021_B1_5_c,1,1,21,1,2,c,5,0.0,12,94.0,93.5,na,6,0.25,350,0.1,0.618,2.596,0.865,2.494,101.5,2.759,65.48,49.71,22.31,85.18480264
1_021_B1_8_d,1,1,21,1,3,d,8,0.0,12,94.0,93.5,na,1,0.25,390,0.1,0.709,2.629,0.612,1.947,100.0,2.783,65.95,50.85,22.3,86.21145516
1_021_B1_8_d,1,1,21,1,3,d,8,0.0,12,94.0,93.5,na,2,0.25,390,0.1,0.692,2.666,0.555,1.966,101.2,2.763,65.95,50.85,22.3,86.21145516
1_021_B1_8_d,1,1,21,1,3,d,8,0.0,12,94.0,93.5,na,3,0.25,390,0.1,0.703,2.735,0.6,2.007,100.8,2.947,65.95,50.85,22.3,86.21145516
1_021_B1_8_d,1,1,21,1,3,d,8,0.0,12,94.0,93.5,na,4,0.25,390,0.1,0.731,2.795,0.532,1.901,101.5,2.85,65.95,50.85,22.3,86.21145516
1_021_B1_8_d,1,1,21,1,3,d,8,0.0,12,94.0,93.5,na,5,0.25,390,0.1,0.734,2.778,0.512,1.892,100.9,2.953,65.95,50.85,22.3,86.21145516
1_021_B1_8_d,1,1,21,1,3,d,8,0.0,12,94.0,93.5,na,6,0.25,390,0.1,0.735,2.733,0.551,1.872,100.4,2.831,65.95,50.85,22.3,86.21145516
1_021_B1_9_e,1,1,21,1,3,e,9,0.0,12,94.0,93.5,na,1,0.25,390,0.13,1.111,4.285,0.47,2.028,131.7,4.416,84.34,57.88,26.26,105.6073747
1_021_B1_9_e,1,1,21,1,3,e,9,0.0,12,94.0,93.5,na,2,0.25,390,0.13,1.086,4.199,0.422,2.029,130.5,4.389,84.34,57.88,26.26,105.6073747
1_021_B1_9_e,1,1,21,1,3,e,9,0.0,12,94.0,93.5,na,3,0.25,390,0.13,1.149,4.496,0.576,2.15,130.2,4.633,84.34,57.88,26.26,105.6073747
1_021_B1_9_e,1,1,21,1,3,e,9,0.0,12,94.0,93.5,na,4,0.25,390,0.13,1.086,4.251,0.456,2.036,132.0,4.515,84.34,57.88,26.26,105.6073747
1_021_B1_9_e,1,1,21,1,3,e,9,0.0,12,94.0,93.5,na,5,0.25,390,0.13,1.115,4.397,0.485,2.151,130.4,4.521,84.34,57.88,26.26,105.6073747
1_021_B1_9_e,1,1,21,1,3,e,9,0.0,12,94.0,93.5,na,6,0.25,390,0.13,1.07,4.274,0.496,2.059,132.2,4.468,84.34,57.88,26.26,105.6073747
1_021_B1_7_f,1,1,21,1,3,f,7,0.0,12,94.0,93.5,na,1,0.25,390,0.07,0.362,1.531,0.545,1.975,71.2,1.621,51.59,42.31,18.87,69.33787637
1_021_B1_7_f,1,1,21,1,3,f,7,0.0,12,94.0,93.5,na,2,0.25,390,0.07,0.293,1.3,0.584,2.245,71.7,1.438,51.59,42.31,18.87,69.33787637
1_021_B1_7_f,1,1,21,1,3,f,7,0.0,12,94.0,93.5,na,3,0.25,390,0.07,0.316,1.319,0.289,1.905,69.5,1.453,51.59,42.31,18.87,69.33787637
1_021_B1_7_f,1,1,21,1,3,f,7,0.0,12,94.0,93.5,na,4,0.25,390,0.07,0.309,1.709,1.018,3.222,71.6,1.807,51.59,42.31,18.87,69.33787637
1_021_B1_7_f,1,1,21,1,3,f,7,0.0,12,94.0,93.5,na,5,0.25,390,0.07,0.326,1.282,0.335,1.824,71.2,1.358,51.59,42.31,18.87,69.33787637
1_021_B1_7_f,1,1,21,1,3,f,7,0.0,12,94.0,93.5,na,6,0.25,390,0.07,0.324,1.402,0.442,2.027,68.4,1.556,51.59,42.31,18.87,69.33787637
1_021_B1_2_g,1,1,21,1,1,g,2,0.0,12,94.0,93.5,na,1,0.25,310,0.1,0.681,2.554,0.237,1.677,98.8,2.813,69.13,50.07,20.51,87.78736754
1_021_B1_2_g,1,1,21,1,1,g,2,0.0,12,94.0,93.5,na,2,0.25,310,0.1,0.677,2.478,0.253,1.747,98.4,2.899,69.13,50.07,20.51,87.78736754
1_021_B1_2_g,1,1,21,1,1,g,2,0.0,12,94.0,93.5,na,3,0.25,310,0.1,0.684,2.264,0.202,1.494,101.6,2.42,69.13,50.07,20.51,87.78736754
1_021_B1_2_g,1,1,21,1,1,g,2,0.0,12,94.0,93.5,na,4,0.25,310,0.1,0.667,2.369,0.192,1.585,100.4,2.614,69.13,50.07,20.51,87.78736754
1_021_B1_2_g,1,1,21,1,1,g,2,0.0,12,94.0,93.5,na,5,0.25,310,0.1,0.671,2.324,0.084,1.5,100.0,2.418,69.13,50.07,20.51,87.78736754
1_021_B1_2_g,1,1,21,1,1,g,2,0.0,12,94.0,93.5,na,6,0.25,310,0.1,0.67,2.373,0.223,1.576,101.3,2.54,69.13,50.07,20.51,87.78736754
1_021_B1_1_h,1,1,21,1,1,h,1,0.0,12,94.0,93.5,na,1,0.25,310,0.07,0.227,1.431,-0.374,2.99,72.3,1.773,55.44,41.6,19.53,72.0109332
1_021_B1_1_h,1,1,21,1,1,h,1,0.0,12,94.0,93.5,na,2,0.25,310,0.07,0.247,1.513,-0.255,2.653,69.3,1.686,55.44,41.6,19.53,72.0109332
1_021_B1_1_h,1,1,21,1,1,h,1,0.0,12,94.0,93.5,na,3,0.25,310,0.07,0.264,1.612,-0.201,2.638,84.9,1.823,55.44,41.6,19.53,72.0109332
1_021_B1_1_h,1,1,21,1,1,h,1,0.0,12,94.0,93.5,na,4,0.25,310,0.07,0.219,1.428,-0.282,3.063,60.7,1.702,55.44,41.6,19.53,72.0109332
1_021_B1_1_h,1,1,21,1,1,h,1,0.0,12,94.0,93.5,na,5,0.25,310,0.07,0.211,1.405,-0.457,3.132,75.5,1.541,55.44,41.6,19.53,72.0109332
1_021_B1_1_h,1,1,21,1,1,h,1,0.0,12,94.0,93.5,na,6,0.25,310,0.07,0.235,1.462,-0.368,2.959,64.1,1.761,55.44,41.6,19.53,72.0109332
1_021_B1_3_i,1,1,21,1,1,i,3,0.0,12,94.0,93.5,na,1,0.25,310,0.13,0.832,3.56,0.975,2.795,128.3,3.848,84.61,56.61,24.09,104.6129643
1_021_B1_3_i,1,1,21,1,1,i,3,0.0,12,94.0,93.5,na,2,0.25,310,0.13,0.8,3.468,1.095,2.876,133.6,3.697,84.61,56.61,24.09,104.6129643
1_021_B1_3_i,1,1,21,1,1,i,3,0.0,12,94.0,93.5,na,3,0.25,310,0.13,0.846,3.462,1.029,2.694,131.7,3.638,84.61,56.61,24.09,104.6129643
1_021_B1_3_i,1,1,21,1,1,i,3,0.0,12,94.0,93.5,na,4,0.25,310,0.13,0.798,3.498,1.053,2.957,131.2,3.711,84.61,56.61,24.09,104.6129643
1_021_B1_3_i,1,1,21,1,1,i,3,0.0,12,94.0,93.5,na,5,0.25,310,0.13,0.847,3.535,1.062,2.767,131.5,3.769,84.61,56.61,24.09,104.6129643
1_021_B1_3_i,1,1,21,1,1,i,3,0.0,12,94.0,93.5,na,6,0.25,310,0.13,0.856,3.587,1.02,2.691,127.0,3.754,84.61,56.61,24.09,104.6129643
1_031_B2_10_b,1,1,31,2,4,b,10,0.0,12,93.5,92.5,na,1,0.5,310,0.07,0.256,1.111,0.129,1.871,78.6,1.272,110.5,61.45,68.08,143.6009711
1_031_B2_10_b,1,1,31,2,4,b,10,0.0,12,93.5,92.5,na,2,0.5,310,0.07,0.257,1.118,0.105,1.871,75.1,1.299,110.5,61.45,68.08,143.6009711
1_031_B2_10_b,1,1,31,2,4,b,10,0.0,12,93.5,92.5,na,3,0.5,310,0.07,0.243,1.08,0.16,1.867,71.4,1.242,110.5,61.45,68.08,143.6009711
1_031_B2_10_b,1,1,31,2,4,b,10,0.0,12,93.5,92.5,na,4,0.5,310,0.07,0.292,1.406,-0.048,2.044,77.9,1.497,110.5,61.45,68.08,143.6009711
1_031_B2_10_b,1,1,31,2,4,b,10,0.0,12,93.5,92.5,na,5,0.5,310,0.07,0.264,1.073,0.135,1.727,69.8,1.259,110.5,61.45,68.08,143.6009711
1_031_B2_10_b,1,1,31,2,4,b,10,0.0,12,93.5,92.5,na,6,0.5,310,0.07,0.303,1.566,0.139,2.217,72.1,1.68,110.5,61.45,68.08,143.6009711
1_031_B2_12_c,1,1,31,2,4,c,12,0.0,12,93.5,92.5,na,1,0.5,310,0.13,1.133,4.764,0.807,2.495,132.5,4.979,171.5,83.49,75.56,205.1636998
1_031_B2_12_c,1,1,31,2,4,c,12,0.0,12,93.5,92.5,na,2,0.5,310,0.13,1.046,4.727,1.031,3.055,131.5,4.904,171.5,83.49,75.56,205.1636998
1_031_B2_12_c,1,1,31,2,4,c,12,0.0,12,93.5,92.5,na,3,0.5,310,0.13,1.098,4.783,0.905,2.638,133.8,5.001,171.5,83.49,75.56,205.1636998
1_031_B2_12_c,1,1,31,2,4,c,12,0.0,12,93.5,92.5,na,4,0.5,310,0.13,1.115,4.828,0.936,2.651,129.0,4.967,171.5,83.49,75.56,205.1636998
1_031_B2_12_c,1,1,31,2,4,c,12,0.0,12,93.5,92.5,na,5,0.5,310,0.13,1.121,4.982,1.052,2.84,131.4,5.318,171.5,83.49,75.56,205.1636998
1_031_B2_12_c,1,1,31,2,4,c,12,0.0,12,93.5,92.5,na,6,0.5,310,0.13,1.118,4.685,0.925,2.622,133.8,4.905,171.5,83.49,75.56,205.1636998
1_031_B2_11_d,1,1,31,2,4,d,11,0.0,12,93.5,92.5,na,1,0.5,310,0.1,0.501,2.623,0.876,3.121,97.8,2.826,141.5,69.27,67.71,171.4795236
1_031_B2_11_d,1,1,31,2,4,d,11,0.0,12,93.5,92.5,na,2,0.5,310,0.1,0.521,2.695,0.837,3.007,105.8,2.891,141.5,69.27,67.71,171.4795236
1_031_B2_11_d,1,1,31,2,4,d,11,0.0,12,93.5,92.5,na,3,0.5,310,0.1,0.538,2.716,0.794,2.954,95.1,2.946,141.5,69.27,67.71,171.4795236
1_031_B2_11_d,1,1,31,2,4,d,11,0.0,12,93.5,92.5,na,4,0.5,310,0.1,0.52,2.657,0.926,3.088,107.8,2.949,141.5,69.27,67.71,171.4795236
1_031_B2_11_d,1,1,31,2,4,d,11,0.0,12,93.5,92.5,na,5,0.5,310,0.1,0.511,2.721,0.891,3.171,103.1,2.902,141.5,69.27,67.71,171.4795236
1_031_B2_11_d,1,1,31,2,4,d,11,0.0,12,93.5,92.5,na,6,0.5,310,0.1,0.514,2.795,0.947,3.197,107.5,2.924,141.5,69.27,67.71,171.4795236
1_031_B2_17_e,1,1,31,2,6,e,17,0.0,12,93.5,92.5,na,1,0.5,390,0.1,0.567,2.53,0.515,2.249,101.3,2.871,141.9,70.27,65.19,171.2402377
1_031_B2_17_e,1,1,31,2,6,e,17,0.0,12,93.5,92.5,na,2,0.5,390,0.1,0.596,2.675,0.381,2.221,101.8,2.813,141.9,70.27,65.19,171.2402377
1_031_B2_17_e,1,1,31,2,6,e,17,0.0,12,93.5,92.5,na,3,0.5,390,0.1,0.544,2.531,0.488,2.366,103.7,2.708,141.9,70.27,65.19,171.2402377
1_031_B2_17_e,1,1,31,2,6,e,17,0.0,12,93.5,92.5,na,4,0.5,390,0.1,0.55,2.578,0.489,2.36,102.3,2.701,141.9,70.27,65.19,171.2402377
1_031_B2_17_e,1,1,31,2,6,e,17,0.0,12,93.5,92.5,na,5,0.5,390,0.1,0.532,2.594,0.713,2.628,104.1,2.808,141.9,70.27,65.19,171.2402377
1_031_B2_17_e,1,1,31,2,6,e,17,0.0,12,93.5,92.5,na,6,0.5,390,0.1,0.532,2.594,0.713,2.628,104.1,2.808,141.9,70.27,65.19,171.2402377
1_031_B2_16_f,1,1,31,2,6,f,16,0.0,12,93.5,92.5,na,1,0.5,390,0.07,0.37,1.663,0.111,1.944,71.2,1.93,110.1,56.55,61.05,138.0109235
1_031_B2_16_f,1,1,31,2,6,f,16,0.0,12,93.5,92.5,na,2,0.5,390,0.07,0.342,1.419,0.102,1.834,71.7,1.6,110.1,56.55,61.05,138.0109235
1_031_B2_16_f,1,1,31,2,6,f,16,0.0,12,93.5,92.5,na,3,0.5,390,0.07,0.371,1.582,0.001,1.831,71.0,1.736,110.1,56.55,61.05,138.0109235
1_031_B2_16_f,1,1,31,2,6,f,16,0.0,12,93.5,92.5,na,4,0.5,390,0.07,0.355,1.504,0.075,1.849,70.9,1.614,110.1,56.55,61.05,138.0109235
1_031_B2_16_f,1,1,31,2,6,f,16,0.0,12,93.5,92.5,na,5,0.5,390,0.07,0.363,1.622,0.02,1.91,71.8,1.735,110.1,56.55,61.05,138.0109235
1_031_B2_16_f,1,1,31,2,6,f,16,0.0,12,93.5,92.5,na,6,0.5,390,0.07,0.36,1.583,0.008,1.928,70.1,1.765,110.1,56.55,61.05,138.0109235
1_031_B2_18_g,1,1,31,2,6,g,18,0.0,12,93.5,92.5,na,1,0.5,390,0.13,0.519,2.731,0.645,3.005,103.6,2.899,173.5,82.13,71.8,204.9459121
1_031_B2_18_g,1,1,31,2,6,g,18,0.0,12,93.5,92.5,na,2,0.5,390,0.13,0.495,2.607,0.671,3.023,88.7,2.701,173.5,82.13,71.8,204.9459121
1_031_B2_18_g,1,1,31,2,6,g,18,0.0,12,93.5,92.5,na,3,0.5,390,0.13,0.517,2.624,0.764,3.031,118.0,2.68,173.5,82.13,71.8,204.9459121
1_031_B2_18_g,1,1,31,2,6,g,18,0.0,12,93.5,92.5,na,4,0.5,390,0.13,0.505,2.629,0.808,3.136,76.9,2.707,173.5,82.13,71.8,204.9459121
1_031_B2_18_g,1,1,31,2,6,g,18,0.0,12,93.5,92.5,na,5,0.5,390,0.13,0.521,2.71,0.63,2.987,105.1,2.787,173.5,82.13,71.8,204.9459121
1_031_B2_18_g,1,1,31,2,6,g,18,0.0,12,93.5,92.5,na,6,0.5,390,0.13,0.541,2.761,0.694,2.908,91.7,2.888,173.5,82.13,71.8,204.9459121
1_031_B2_14_h,1,1,31,2,5,h,14,0.0,12,93.5,92.5,na,1,0.5,350,0.1,0.623,2.671,0.097,1.949,99.1,2.8,144.7,70.44,66.44,174.1096126
1_031_B2_14_h,1,1,31,2,5,h,14,0.0,12,93.5,92.5,na,2,0.5,350,0.1,0.603,2.638,0.181,1.997,100.4,2.776,144.7,70.44,66.44,174.1096126
1_031_B2_14_h,1,1,31,2,5,h,14,0.0,12,93.5,92.5,na,3,0.5,350,0.1,0.606,2.604,0.084,1.95,100.6,2.695,144.7,70.44,66.44,174.1096126
1_031_B2_14_h,1,1,31,2,5,h,14,0.0,12,93.5,92.5,na,4,0.5,350,0.1,0.616,2.638,0.11,1.949,99.1,2.723,144.7,70.44,66.44,174.1096126
1_031_B2_14_h,1,1,31,2,5,h,14,0.0,12,93.5,92.5,na,5,0.5,350,0.1,0.602,2.623,0.16,1.989,98.1,2.789,144.7,70.44,66.44,174.1096126
1_031_B2_14_h,1,1,31,2,5,h,14,0.0,12,93.5,92.5,na,6,0.5,350,0.1,0.595,2.65,0.136,1.99,101.0,2.737,144.7,70.44,66.44,174.1096126
1_031_B2_15_i,1,1,31,2,5,i,15,0.0,12,93.5,92.5,na,1,0.5,350,0.13,0.52,2.47,0.352,2.351,125.6,2.585,179.8,81.93,75.26,211.4347003
1_031_B2_15_i,1,1,31,2,5,i,15,0.0,12,93.5,92.5,na,2,0.5,350,0.13,0.524,2.61,0.431,2.488,101.7,2.993,179.8,81.93,75.26,211.4347003
1_031_B2_15_i,1,1,31,2,5,i,15,0.0,12,93.5,92.5,na,3,0.5,350,0.13,0.505,2.494,0.417,2.452,92.7,2.558,179.8,81.93,75.26,211.4347003
1_031_B2_15_i,1,1,31,2,5,i,15,0.0,12,93.5,92.5,na,4,0.5,350,0.13,0.569,2.621,0.291,2.224,130.8,2.719,179.8,81.93,75.26,211.4347003
1_031_B2_15_i,1,1,31,2,5,i,15,0.0,12,93.5,92.5,na,5,0.5,350,0.13,0.573,2.679,0.232,2.207,116.5,3.025,179.8,81.93,75.26,211.4347003
1_031_B2_15_i,1,1,31,2,5,i,15,0.0,12,93.5,92.5,na,6,0.5,350,0.13,0.554,2.579,0.349,2.313,118.2,2.71,179.8,81.93,75.26,211.4347003
1_031_B2_13_j,1,1,31,2,5,j,13,0.0,12,93.5,92.5,na,1,0.5,350,0.07,0.356,1.636,-0.115,2.032,70.3,1.781,107.7,52.78,60.21,134.2023193
1_031_B2_13_j,1,1,31,2,5,j,13,0.0,12,93.5,92.5,na,2,0.5,350,0.07,0.334,1.609,0.038,2.113,68.7,1.738,107.7,52.78,60.21,134.2023193
1_031_B2_13_j,1,1,31,2,5,j,13,0.0,12,93.5,92.5,na,3,0.5,350,0.07,0.334,1.635,-0.042,2.165,71.3,1.797,107.7,52.78,60.21,134.2023193
1_031_B2_13_j,1,1,31,2,5,j,13,0.0,12,93.5,92.5,na,4,0.5,350,0.07,0.337,1.428,-0.137,1.802,70.8,1.539,107.7,52.78,60.21,134.2023193
1_031_B2_13_j,1,1,31,2,5,j,13,0.0,12,93.5,92.5,na,5,0.5,350,0.07,0.254,1.251,-0.101,2.088,68.3,1.381,107.7,52.78,60.21,134.2023193
1_031_B2_13_j,1,1,31,2,5,j,13,0.0,12,93.5,92.5,na,6,0.5,350,0.07,0.255,1.253,0.076,2.155,63.3,1.421,107.7,52.78,60.21,134.2023193
1_041_B3_22_a,1,1,41,3,8,a,22,0.0,12,92.5,90.9,na,1,0.8,350,0.07,0.38,1.681,0.439,2.042,70.7,1.803,159.5,62.91,115.8,206.8998746
1_041_B3_22_a,1,1,41,3,8,a,22,0.0,12,92.5,90.9,na,2,0.8,350,0.07,0.366,1.535,0.417,1.962,70.9,1.688,159.5,62.91,115.8,206.8998746
1_041_B3_22_a,1,1,41,3,8,a,22,0.0,12,92.5,90.9,na,3,0.8,350,0.07,0.383,1.763,0.376,2.107,71.4,1.928,159.5,62.91,115.8,206.8998746
1_041_B3_22_a,1,1,41,3,8,a,22,0.0,12,92.5,90.9,na,4,0.8,350,0.07,0.374,1.627,0.449,2.017,70.2,1.729,159.5,62.91,115.8,206.8998746
1_041_B3_22_a,1,1,41,3,8,a,22,0.0,12,92.5,90.9,na,5,0.8,350,0.07,0.379,1.736,0.426,2.089,69.2,1.92,159.5,62.91,115.8,206.8998746
1_041_B3_22_a,1,1,41,3,8,a,22,0.0,12,92.5,90.9,na,6,0.8,350,0.07,0.383,1.66,0.463,2.007,70.6,1.848,159.5,62.91,115.8,206.8998746
1_041_B3_24_b,1,1,41,3,8,b,24,0.0,12,92.5,90.9,na,1,0.8,350,0.13,1.46,6.212,0.818,2.528,131.9,6.317,272.2,100.7,219.1,363.6456242
1_041_B3_24_b,1,1,41,3,8,b,24,0.0,12,92.5,90.9,na,2,0.8,350,0.13,1.444,6.169,0.903,2.585,130.6,6.357,272.2,100.7,219.1,363.6456242
1_041_B3_24_b,1,1,41,3,8,b,24,0.0,12,92.5,90.9,na,3,0.8,350,0.13,1.387,6.026,0.848,2.644,130.6,6.166,272.2,100.7,219.1,363.6456242
1_041_B3_24_b,1,1,41,3,8,b,24,0.0,12,92.5,90.9,na,4,0.8,350,0.13,1.433,6.211,0.809,2.587,133.1,6.411,272.2,100.7,219.1,363.6456242
1_041_B3_24_b,1,1,41,3,8,b,24,0.0,12,92.5,90.9,na,5,0.8,350,0.13,1.417,5.907,0.833,2.557,131.1,6.278,272.2,100.7,219.1,363.6456242
1_041_B3_24_b,1,1,41,3,8,b,24,0.0,12,92.5,90.9,na,6,0.8,350,0.13,1.382,6.023,1.012,2.82,131.4,6.138,272.2,100.7,219.1,363.6456242
1_041_B3_23_c,1,1,41,3,8,c,23,0.0,12,92.5,90.9,na,1,0.8,350,0.1,0.929,4.12,0.668,2.529,100.2,4.24,213.0,77.32,190.3,295.9078782
1_041_B3_23_c,1,1,41,3,8,c,23,0.0,12,92.5,90.9,na,2,0.8,350,0.1,0.888,3.982,0.412,2.312,101.9,4.187,213.0,77.32,190.3,295.9078782
1_041_B3_23_c,1,1,41,3,8,c,23,0.0,12,92.5,90.9,na,3,0.8,350,0.1,0.799,3.662,0.616,2.523,101.3,3.981,213.0,77.32,190.3,295.9078782
1_041_B3_23_c,1,1,41,3,8,c,23,0.0,12,92.5,90.9,na,4,0.8,350,0.1,0.867,3.825,0.468,2.335,102.4,4.136,213.0,77.32,190.3,295.9078782
1_041_B3_23_c,1,1,41,3,8,c,23,0.0,12,92.5,90.9,na,5,0.8,350,0.1,0.729,3.43,0.679,2.694,101.4,3.587,213.0,77.32,190.3,295.9078782
1_041_B3_23_c,1,1,41,3,8,c,23,0.0,12,92.5,90.9,na,6,0.8,350,0.1,0.743,3.349,0.708,2.553,99.1,3.51,213.0,77.32,190.3,295.9078782
1_041_B3_25_d,1,1,41,3,9,d,25,0.0,12,92.5,90.9,na,1,0.8,390,0.07,0.47,2.226,0.419,2.202,70.4,2.412,162.8,60.35,116.9,209.3121413
1_041_B3_25_d,1,1,41,3,9,d,25,0.0,12,92.5,90.9,na,2,0.8,390,0.07,0.392,1.735,0.2,1.971,71.6,1.863,162.8,60.35,116.9,209.3121413
1_041_B3_25_d,1,1,41,3,9,d,25,0.0,12,92.5,90.9,na,3,0.8,390,0.07,0.503,2.285,0.398,2.125,70.9,2.374,162.8,60.35,116.9,209.3121413
1_041_B3_25_d,1,1,41,3,9,d,25,0.0,12,92.5,90.9,na,4,0.8,390,0.07,0.535,2.351,0.388,2.05,70.4,2.502,162.8,60.35,116.9,209.3121413
1_041_B3_25_d,1,1,41,3,9,d,25,0.0,12,92.5,90.9,na,5,0.8,390,0.07,0.388,1.756,0.381,2.059,71.1,1.923,162.8,60.35,116.9,209.3121413
1_041_B3_25_d,1,1,41,3,9,d,25,0.0,12,92.5,90.9,na,6,0.8,390,0.07,0.344,1.532,0.171,1.957,70.3,1.667,162.8,60.35,116.9,209.3121413
1_041_B3_26_e,1,1,41,3,9,e,26,0.0,12,92.5,90.9,na,1,0.8,390,0.1,0.699,3.16,0.655,2.31,99.0,3.307,215.7,75.94,193.2,299.3653514
1_041_B3_26_e,1,1,41,3,9,e,26,0.0,12,92.5,90.9,na,2,0.8,390,0.1,0.879,3.617,0.081,1.864,99.5,3.755,215.7,75.94,193.2,299.3653514
1_041_B3_26_e,1,1,41,3,9,e,26,0.0,12,92.5,90.9,na,3,0.8,390,0.1,0.882,3.576,0.196,1.855,100.7,3.723,215.7,75.94,193.2,299.3653514
1_041_B3_26_e,1,1,41,3,9,e,26,0.0,12,92.5,90.9,na,4,0.8,390,0.1,0.858,3.536,0.304,1.968,100.9,3.624,215.7,75.94,193.2,299.3653514
1_041_B3_26_e,1,1,41,3,9,e,26,0.0,12,92.5,90.9,na,5,0.8,390,0.1,0.536,2.746,0.657,2.769,99.3,2.967,215.7,75.94,193.2,299.3653514
1_041_B3_26_e,1,1,41,3,9,e,26,0.0,12,92.5,90.9,na,6,0.8,390,0.1,0.449,2.463,1.066,3.403,95.3,2.6,215.7,75.94,193.2,299.3653514
1_041_B3_27_f,1,1,41,3,9,f,27,0.0,12,92.5,90.9,na,1,0.8,390,0.13,0.827,3.936,0.346,2.446,128.3,4.086,272.5,98.6,214.3,360.4201715
1_041_B3_27_f,1,1,41,3,9,f,27,0.0,12,92.5,90.9,na,2,0.8,390,0.13,1.195,4.854,0.591,2.182,128.4,5.08,272.5,98.6,214.3,360.4201715
1_041_B3_27_f,1,1,41,3,9,f,27,0.0,12,92.5,90.9,na,3,0.8,390,0.13,1.171,4.813,0.603,2.223,130.6,4.967,272.5,98.6,214.3,360.4201715
1_041_B3_27_f,1,1,41,3,9,f,27,0.0,12,92.5,90.9,na,4,0.8,390,0.13,0.846,3.904,0.351,2.378,132.1,4.029,272.5,98.6,214.3,360.4201715
1_041_B3_27_f,1,1,41,3,9,f,27,0.0,12,92.5,90.9,na,5,0.8,390,0.13,1.157,4.897,0.703,2.336,130.6,5.151,272.5,98.6,214.3,360.4201715
1_041_B3_27_f,1,1,41,3,9,f,27,0.0,12,92.5,90.9,na,6,0.8,390,0.13,1.198,4.929,0.608,2.199,132.5,5.068,272.5,98.6,214.3,360.4201715
1_041_B3_21_g,1,1,41,3,7,g,21,0.0,12,92.5,90.9,na,1,0.8,310,0.13,0.855,3.977,0.298,2.281,124.8,4.336,283.5,100.2,221.5,373.4629031
1_041_B3_21_g,1,1,41,3,7,g,21,0.0,12,92.5,90.9,na,2,0.8,310,0.13,1.19,5.023,0.501,2.18,129.9,5.466,283.5,100.2,221.5,373.4629031
1_041_B3_21_g,1,1,41,3,7,g,21,0.0,12,92.5,90.9,na,3,0.8,310,0.13,1.158,5.038,0.511,2.272,127.2,5.614,283.5,100.2,221.5,373.4629031
1_041_B3_21_g,1,1,41,3,7,g,21,0.0,12,92.5,90.9,na,4,0.8,310,0.13,0.862,3.94,0.353,2.297,133.5,4.193,283.5,100.2,221.5,373.4629031
1_041_B3_21_g,1,1,41,3,7,g,21,0.0,12,92.5,90.9,na,5,0.8,310,0.13,1.213,4.965,0.574,2.145,132.0,5.185,283.5,100.2,221.5,373.4629031
1_041_B3_21_g,1,1,41,3,7,g,21,0.0,12,92.5,90.9,na,6,0.8,310,0.13,1.188,5.01,0.585,2.18,132.8,5.235,283.5,100.2,221.5,373.4629031
1_041_B3_19_h,1,1,41,3,7,h,19,0.0,12,92.5,90.9,na,1,0.8,310,0.07,0.391,1.679,-0.433,2.075,69.3,1.937,169.4,61.43,121.5,217.3298298
1_041_B3_19_h,1,1,41,3,7,h,19,0.0,12,92.5,90.9,na,2,0.8,310,0.07,0.375,1.724,-0.483,2.176,70.2,1.892,169.4,61.43,121.5,217.3298298
1_041_B3_19_h,1,1,41,3,7,h,19,0.0,12,92.5,90.9,na,3,0.8,310,0.07,0.404,1.984,-0.27,2.236,69.8,2.313,169.4,61.43,121.5,217.3298298
1_041_B3_19_h,1,1,41,3,7,h,19,0.0,12,92.5,90.9,na,4,0.8,310,0.07,0.36,1.725,-0.269,2.169,66.8,1.997,169.4,61.43,121.5,217.3298298
1_041_B3_19_h,1,1,41,3,7,h,19,0.0,12,92.5,90.9,na,5,0.8,310,0.07,0.386,1.765,-0.465,2.207,69.8,2.058,169.4,61.43,121.5,217.3298298
1_041_B3_19_h,1,1,41,3,7,h,19,0.0,12,92.5,90.9,na,6,0.8,310,0.07,0.392,1.993,-0.397,2.35,70.6,2.232,169.4,61.43,121.5,217.3298298
1_041_B3_20_i,1,1,41,3,7,i,20,0.0,12,92.5,90.9,na,1,0.8,310,0.1,0.615,2.858,0.1,2.197,92.8,3.13,226.3,78.35,218.9,324.4497226
1_041_B3_20_i,1,1,41,3,7,i,20,0.0,12,92.5,90.9,na,2,0.8,310,0.1,0.586,2.789,0.103,2.229,93.4,2.946,226.3,78.35,218.9,324.4497226
1_041_B3_20_i,1,1,41,3,7,i,20,0.0,12,92.5,90.9,na,3,0.8,310,0.1,0.599,2.88,-0.039,2.207,89.6,3.07,226.3,78.35,218.9,324.4497226
1_041_B3_20_i,1,1,41,3,7,i,20,0.0,12,92.5,90.9,na,4,0.8,310,0.1,0.588,2.861,0.14,2.281,101.9,3.061,226.3,78.35,218.9,324.4497226
1_041_B3_20_i,1,1,41,3,7,i,20,0.0,12,92.5,90.9,na,5,0.8,310,0.1,0.654,3.015,0.548,2.323,99.6,3.23,226.3,78.35,218.9,324.4497226
1_041_B3_20_i,1,1,41,3,7,i,20,0.0,12,92.5,90.9,na,6,0.8,310,0.1,0.598,2.87,-0.025,2.211,86.4,3.154,226.3,78.35,218.9,324.4497226
1_051_B1_5_a,1,2,51,1,2,a,5,0.0,12,90.9,90.4,na,1,0.25,350,0.1,1.032,4.226,0.687,2.326,101.2,4.355,64.9,55.46,27.28,89.62153759
1_051_B1_5_a,1,2,51,1,2,a,5,0.0,12,90.9,90.4,na,2,0.25,350,0.1,1.039,4.265,0.729,2.373,100.0,4.422,64.9,55.46,27.28,89.62153759
1_051_B1_5_a,1,2,51,1,2,a,5,0.0,12,90.9,90.4,na,3,0.25,350,0.1,1.062,4.201,0.724,2.268,100.4,4.335,64.9,55.46,27.28,89.62153759
1_051_B1_5_a,1,2,51,1,2,a,5,0.0,12,90.9,90.4,na,4,0.25,350,0.1,1.036,4.338,0.719,2.333,100.0,4.469,64.9,55.46,27.28,89.62153759
1_051_B1_5_a,1,2,51,1,2,a,5,0.0,12,90.9,90.4,na,5,0.25,350,0.1,1.059,4.272,0.773,2.331,100.6,4.494,64.9,55.46,27.28,89.62153759
1_051_B1_5_a,1,2,51,1,2,a,5,0.0,12,90.9,90.4,na,6,0.25,350,0.1,1.059,4.272,0.773,2.331,100.6,4.494,64.9,55.46,27.28,89.62153759
1_051_B1_6_b,1,2,51,1,2,b,6,0.0,12,90.9,90.4,na,1,0.25,350,0.13,1.812,6.548,0.461,1.792,128.8,6.699,79.1,61.07,24.84,102.9727173
1_051_B1_6_b,1,2,51,1,2,b,6,0.0,12,90.9,90.4,na,2,0.25,350,0.13,1.634,5.91,0.407,1.793,131.9,6.195,79.1,61.07,24.84,102.9727173
1_051_B1_6_b,1,2,51,1,2,b,6,0.0,12,90.9,90.4,na,3,0.25,350,0.13,1.798,6.427,0.391,1.784,130.3,6.674,79.1,61.07,24.84,102.9727173
1_051_B1_6_b,1,2,51,1,2,b,6,0.0,12,90.9,90.4,na,4,0.25,350,0.13,1.736,6.416,0.47,1.851,130.8,6.628,79.1,61.07,24.84,102.9727173
1_051_B1_6_b,1,2,51,1,2,b,6,0.0,12,90.9,90.4,na,5,0.25,350,0.13,1.777,6.33,0.488,1.821,131.7,6.573,79.1,61.07,24.84,102.9727173
1_051_B1_6_b,1,2,51,1,2,b,6,0.0,12,90.9,90.4,na,6,0.25,350,0.13,1.735,6.511,0.549,1.927,129.6,6.652,79.1,61.07,24.84,102.9727173
1_051_B1_4_c,1,2,51,1,2,c,4,0.0,12,90.9,90.4,na,1,0.25,350,0.07,0.677,2.728,0.52,1.988,70.5,2.957,52.04,44.26,22.9,72.05219775
1_051_B1_4_c,1,2,51,1,2,c,4,0.0,12,90.9,90.4,na,2,0.25,350,0.07,0.586,2.382,0.429,1.959,70.4,2.431,52.04,44.26,22.9,72.05219775
1_051_B1_4_c,1,2,51,1,2,c,4,0.0,12,90.9,90.4,na,3,0.25,350,0.07,0.64,2.705,0.497,2.045,69.3,2.984,52.04,44.26,22.9,72.05219775
1_051_B1_4_c,1,2,51,1,2,c,4,0.0,12,90.9,90.4,na,4,0.25,350,0.07,0.598,2.515,0.416,2.019,70.8,2.952,52.04,44.26,22.9,72.05219775
1_051_B1_4_c,1,2,51,1,2,c,4,0.0,12,90.9,90.4,na,5,0.25,350,0.07,0.642,2.678,0.502,2.097,70.8,2.886,52.04,44.26,22.9,72.05219775
1_051_B1_4_c,1,2,51,1,2,c,4,0.0,12,90.9,90.4,na,6,0.25,350,0.07,0.656,2.644,0.54,2.041,70.7,2.827,52.04,44.26,22.9,72.05219775
1_051_B1_9_d,1,2,51,1,3,d,9,0.0,12,90.9,90.4,na,1,0.25,390,0.13,0.988,4.2,0.646,2.356,129.5,4.434,80.14,59.87,25.76,103.2976965
1_051_B1_9_d,1,2,51,1,3,d,9,0.0,12,90.9,90.4,na,2,0.25,390,0.13,1.003,4.345,0.67,2.351,133.6,4.553,80.14,59.87,25.76,103.2976965
1_051_B1_9_d,1,2,51,1,3,d,9,0.0,12,90.9,90.4,na,3,0.25,390,0.13,1.551,5.761,0.41,1.905,130.3,5.932,80.14,59.87,25.76,103.2976965
1_051_B1_9_d,1,2,51,1,3,d,9,0.0,12,90.9,90.4,na,4,0.25,390,0.13,0.996,4.274,0.724,2.407,130.6,4.388,80.14,59.87,25.76,103.2976965
1_051_B1_9_d,1,2,51,1,3,d,9,0.0,12,90.9,90.4,na,5,0.25,390,0.13,1.541,5.788,0.409,1.912,130.8,5.937,80.14,59.87,25.76,103.2976965
1_051_B1_9_d,1,2,51,1,3,d,9,0.0,12,90.9,90.4,na,6,0.25,390,0.13,1.504,5.613,0.39,1.873,131.0,5.729,80.14,59.87,25.76,103.2976965
1_051_B1_8_e,1,2,51,1,3,e,8,0.0,12,90.9,90.4,na,1,0.25,390,0.1,0.999,3.641,0.359,1.833,100.5,3.806,66.41,51.77,23.69,87.4736366
1_051_B1_8_e,1,2,51,1,3,e,8,0.0,12,90.9,90.4,na,2,0.25,390,0.1,0.96,3.812,0.449,2.008,100.6,3.906,66.41,51.77,23.69,87.4736366
1_051_B1_8_e,1,2,51,1,3,e,8,0.0,12,90.9,90.4,na,3,0.25,390,0.1,0.806,3.294,0.583,2.228,100.8,3.384,66.41,51.77,23.69,87.4736366
1_051_B1_8_e,1,2,51,1,3,e,8,0.0,12,90.9,90.4,na,4,0.25,390,0.1,1.009,3.644,0.399,1.817,99.9,3.76,66.41,51.77,23.69,87.4736366
1_051_B1_8_e,1,2,51,1,3,e,8,0.0,12,90.9,90.4,na,5,0.25,390,0.1,0.794,3.232,0.581,2.219,100.1,3.332,66.41,51.77,23.69,87.4736366
1_051_B1_8_e,1,2,51,1,3,e,8,0.0,12,90.9,90.4,na,6,0.25,390,0.1,1.019,3.699,0.291,1.752,99.7,3.896,66.41,51.77,23.69,87.4736366
1_051_B1_7_f,1,2,51,1,3,f,7,0.0,12,90.9,90.4,na,1,0.25,390,0.07,0.49,1.955,0.532,1.867,70.7,2.125,52.92,44.28,22.37,72.53731247
1_051_B1_7_f,1,2,51,1,3,f,7,0.0,12,90.9,90.4,na,2,0.25,390,0.07,0.462,1.872,0.488,1.849,70.9,2.166,52.92,44.28,22.37,72.53731247
1_051_B1_7_f,1,2,51,1,3,f,7,0.0,12,90.9,90.4,na,3,0.25,390,0.07,0.453,1.759,0.401,1.739,70.3,1.989,52.92,44.28,22.37,72.53731247
1_051_B1_7_f,1,2,51,1,3,f,7,0.0,12,90.9,90.4,na,4,0.25,390,0.07,0.49,1.924,0.333,1.737,70.0,2.102,52.92,44.28,22.37,72.53731247
1_051_B1_7_f,1,2,51,1,3,f,7,0.0,12,90.9,90.4,na,5,0.25,390,0.07,0.457,1.834,0.405,1.843,71.4,1.986,52.92,44.28,22.37,72.53731247
1_051_B1_7_f,1,2,51,1,3,f,7,0.0,12,90.9,90.4,na,6,0.25,390,0.07,0.468,1.944,0.429,1.864,69.9,2.078,52.92,44.28,22.37,72.53731247
1_051_B1_2_g,1,2,51,1,1,g,2,0.0,12,90.9,90.4,na,1,0.25,310,0.1,0.878,3.082,0.074,1.561,100.0,3.243,68.78,49.87,23.98,88.27652972
1_051_B1_2_g,1,2,51,1,1,g,2,0.0,12,90.9,90.4,na,2,0.25,310,0.1,0.858,3.062,0.094,1.581,101.5,3.252,68.78,49.87,23.98,88.27652972
1_051_B1_2_g,1,2,51,1,1,g,2,0.0,12,90.9,90.4,na,3,0.25,310,0.1,0.861,3.225,0.049,1.641,101.3,3.486,68.78,49.87,23.98,88.27652972
1_051_B1_2_g,1,2,51,1,1,g,2,0.0,12,90.9,90.4,na,4,0.25,310,0.1,0.875,3.057,0.07,1.568,101.5,3.328,68.78,49.87,23.98,88.27652972
1_051_B1_2_g,1,2,51,1,1,g,2,0.0,12,90.9,90.4,na,5,0.25,310,0.1,0.863,3.119,0.078,1.584,100.5,3.323,68.78,49.87,23.98,88.27652972
1_051_B1_2_g,1,2,51,1,1,g,2,0.0,12,90.9,90.4,na,6,0.25,310,0.1,0.882,3.0,0.049,1.516,100.7,3.15,68.78,49.87,23.98,88.27652972
1_051_B1_3_h,1,2,51,1,1,h,3,0.0,12,90.9,90.4,na,1,0.25,310,0.13,1.18,4.448,0.236,1.842,131.5,4.563,83.42,59.72,25.89,105.8095785
1_051_B1_3_h,1,2,51,1,1,h,3,0.0,12,90.9,90.4,na,2,0.25,310,0.13,1.175,4.379,0.361,1.864,129.8,4.543,83.42,59.72,25.89,105.8095785
1_051_B1_3_h,1,2,51,1,1,h,3,0.0,12,90.9,90.4,na,3,0.25,310,0.13,1.126,4.253,0.373,1.892,130.8,4.334,83.42,59.72,25.89,105.8095785
1_051_B1_3_h,1,2,51,1,1,h,3,0.0,12,90.9,90.4,na,4,0.25,310,0.13,1.178,4.478,0.226,1.834,130.1,4.676,83.42,59.72,25.89,105.8095785
1_051_B1_3_h,1,2,51,1,1,h,3,0.0,12,90.9,90.4,na,5,0.25,310,0.13,1.172,4.474,0.216,1.833,132.0,4.671,83.42,59.72,25.89,105.8095785
1_051_B1_3_h,1,2,51,1,1,h,3,0.0,12,90.9,90.4,na,6,0.25,310,0.13,1.171,4.506,0.366,1.878,132.0,4.608,83.42,59.72,25.89,105.8095785
1_051_B1_1_i,1,2,51,1,1,i,1,0.0,12,90.9,90.4,na,1,0.25,310,0.07,0.393,1.921,0.223,2.276,91.2,2.241,55.84,42.95,22.11,73.83535874
1_051_B1_1_i,1,2,51,1,1,i,1,0.0,12,90.9,90.4,na,2,0.25,310,0.07,0.388,1.933,0.444,2.374,85.1,2.132,55.84,42.95,22.11,73.83535874
1_051_B1_1_i,1,2,51,1,1,i,1,0.0,12,90.9,90.4,na,3,0.25,310,0.07,0.378,1.77,0.168,2.085,76.2,2.083,55.84,42.95,22.11,73.83535874
1_051_B1_1_i,1,2,51,1,1,i,1,0.0,12,90.9,90.4,na,4,0.25,310,0.07,0.39,1.808,0.066,2.031,68.7,2.073,55.84,42.95,22.11,73.83535874
1_051_B1_1_i,1,2,51,1,1,i,1,0.0,12,90.9,90.4,na,5,0.25,310,0.07,0.402,1.88,0.173,2.002,69.2,2.266,55.84,42.95,22.11,73.83535874
1_051_B1_1_i,1,2,51,1,1,i,1,0.0,12,90.9,90.4,na,6,0.25,310,0.07,0.397,1.944,0.133,2.223,84.0,2.259,55.84,42.95,22.11,73.83535874
1_061_B2_11_a,1,2,61,2,4,a,11,0.0,12,90.4,89.4,na,1,0.5,310,0.1,0.944,3.647,0.578,2.032,100.2,3.912,139.5,69.35,73.61,172.3023639
1_061_B2_11_a,1,2,61,2,4,a,11,0.0,12,90.4,89.4,na,2,0.5,310,0.1,0.894,3.51,0.683,2.171,101.5,3.643,139.5,69.35,73.61,172.3023639
1_061_B2_11_a,1,2,61,2,4,a,11,0.0,12,90.4,89.4,na,3,0.5,310,0.1,0.888,3.449,0.678,2.143,100.9,3.527,139.5,69.35,73.61,172.3023639
1_061_B2_11_a,1,2,61,2,4,a,11,0.0,12,90.4,89.4,na,4,0.5,310,0.1,0.896,3.582,0.687,2.162,100.5,3.795,139.5,69.35,73.61,172.3023639
1_061_B2_11_a,1,2,61,2,4,a,11,0.0,12,90.4,89.4,na,5,0.5,310,0.1,0.91,3.393,0.743,2.127,101.0,3.597,139.5,69.35,73.61,172.3023639
1_061_B2_11_a,1,2,61,2,4,a,11,0.0,12,90.4,89.4,na,6,0.5,310,0.1,0.91,3.393,0.743,2.127,101.0,3.597,139.5,69.35,73.61,172.3023639
1_061_B2_12_b,1,2,61,2,4,b,12,0.0,12,90.4,89.4,na,1,0.5,310,0.13,0.952,3.69,0.572,2.047,128.8,3.814,176.5,87.39,82.71,213.6122801
1_061_B2_12_b,1,2,61,2,4,b,12,0.0,12,90.4,89.4,na,2,0.5,310,0.13,1.167,4.506,0.428,1.945,129.2,4.704,176.5,87.39,82.71,213.6122801
1_061_B2_12_b,1,2,61,2,4,b,12,0.0,12,90.4,89.4,na,3,0.5,310,0.13,1.194,4.586,0.495,1.948,131.7,4.938,176.5,87.39,82.71,213.6122801
1_061_B2_12_b,1,2,61,2,4,b,12,0.0,12,90.4,89.4,na,4,0.5,310,0.13,1.153,4.587,0.439,1.973,127.7,4.761,176.5,87.39,82.71,213.6122801
1_061_B2_12_b,1,2,61,2,4,b,12,0.0,12,90.4,89.4,na,5,0.5,310,0.13,1.173,4.522,0.543,1.978,131.0,4.702,176.5,87.39,82.71,213.6122801
1_061_B2_12_b,1,2,61,2,4,b,12,0.0,12,90.4,89.4,na,6,0.5,310,0.13,1.104,4.347,0.582,2.037,132.6,4.554,176.5,87.39,82.71,213.6122801
1_061_B2_10_c,1,2,61,2,4,c,10,0.0,12,90.4,89.4,na,1,0.5,310,0.07,0.456,2.082,0.236,2.084,69.2,2.155,109.1,57.9,63.82,139.0259415
1_061_B2_10_c,1,2,61,2,4,c,10,0.0,12,90.4,89.4,na,2,0.5,310,0.07,0.453,2.134,0.169,2.066,67.9,2.235,109.1,57.9,63.82,139.0259415
1_061_B2_10_c,1,2,61,2,4,c,10,0.0,12,90.4,89.4,na,3,0.5,310,0.07,0.452,2.014,0.208,2.001,71.6,2.109,109.1,57.9,63.82,139.0259415
1_061_B2_10_c,1,2,61,2,4,c,10,0.0,12,90.4,89.4,na,4,0.5,310,0.07,0.451,1.952,0.227,1.949,70.4,2.015,109.1,57.9,63.82,139.0259415
1_061_B2_10_c,1,2,61,2,4,c,10,0.0,12,90.4,89.4,na,5,0.5,310,0.07,0.442,2.116,0.144,2.115,68.8,2.26,109.1,57.9,63.82,139.0259415
1_061_B2_10_c,1,2,61,2,4,c,10,0.0,12,90.4,89.4,na,6,0.5,310,0.07,0.445,1.979,0.168,2.003,69.4,2.118,109.1,57.9,63.82,139.0259415
1_061_B2_15_d,1,2,61,2,5,d,15,0.0,12,90.4,89.4,na,1,0.5,350,0.13,0.968,4.02,0.628,2.275,129.2,4.139,177.3,85.72,79.43,212.3495545
1_061_B2_15_d,1,2,61,2,5,d,15,0.0,12,90.4,89.4,na,2,0.5,350,0.13,0.96,4.045,0.648,2.293,129.6,4.21,177.3,85.72,79.43,212.3495545
1_061_B2_15_d,1,2,61,2,5,d,15,0.0,12,90.4,89.4,na,3,0.5,350,0.13,0.965,4.009,0.659,2.293,131.3,4.185,177.3,85.72,79.43,212.3495545
1_061_B2_15_d,1,2,61,2,5,d,15,0.0,12,90.4,89.4,na,4,0.5,350,0.13,0.978,4.096,0.643,2.269,133.1,4.284,177.3,85.72,79.43,212.3495545
1_061_B2_15_d,1,2,61,2,5,d,15,0.0,12,90.4,89.4,na,5,0.5,350,0.13,0.968,3.943,0.684,2.244,131.2,4.027,177.3,85.72,79.43,212.3495545
1_061_B2_15_d,1,2,61,2,5,d,15,0.0,12,90.4,89.4,na,6,0.5,350,0.13,0.969,4.111,0.625,2.3,131.4,4.23,177.3,85.72,79.43,212.3495545
1_061_B2_14_e,1,2,61,2,5,e,14,0.0,12,90.4,89.4,na,1,0.5,350,0.1,0.653,2.874,0.31,2.05,101.1,3.059,143.5,69.57,71.62,174.8189329
1_061_B2_14_e,1,2,61,2,5,e,14,0.0,12,90.4,89.4,na,2,0.5,350,0.1,0.625,2.743,0.41,2.119,102.1,3.019,143.5,69.57,71.62,174.8189329
1_061_B2_14_e,1,2,61,2,5,e,14,0.0,12,90.4,89.4,na,3,0.5,350,0.1,0.616,2.657,0.47,2.104,100.6,2.921,143.5,69.57,71.62,174.8189329
1_061_B2_14_e,1,2,61,2,5,e,14,0.0,12,90.4,89.4,na,4,0.5,350,0.1,0.605,2.606,0.438,2.077,100.1,2.728,143.5,69.57,71.62,174.8189329
1_061_B2_14_e,1,2,61,2,5,e,14,0.0,12,90.4,89.4,na,5,0.5,350,0.1,0.622,2.747,0.338,2.103,99.1,2.84,143.5,69.57,71.62,174.8189329
1_061_B2_14_e,1,2,61,2,5,e,14,0.0,12,90.4,89.4,na,6,0.5,350,0.1,0.622,2.708,0.456,2.11,101.1,2.808,143.5,69.57,71.62,174.8189329
1_061_B2_13_f,1,2,61,2,5,f,13,0.0,12,90.4,89.4,na,1,0.5,350,0.07,0.369,1.575,-0.035,1.787,70.0,1.736,112.4,57.46,63.16,141.1545153
1_061_B2_13_f,1,2,61,2,5,f,13,0.0,12,90.4,89.4,na,2,0.5,350,0.07,0.407,1.724,0.011,1.758,69.9,1.917,112.4,57.46,63.16,141.1545153
1_061_B2_13_f,1,2,61,2,5,f,13,0.0,12,90.4,89.4,na,3,0.5,350,0.07,0.403,1.675,-0.064,1.728,71.2,1.787,112.4,57.46,63.16,141.1545153
1_061_B2_13_f,1,2,61,2,5,f,13,0.0,12,90.4,89.4,na,4,0.5,350,0.07,0.404,1.531,-0.112,1.615,70.9,1.612,112.4,57.46,63.16,141.1545153
1_061_B2_13_f,1,2,61,2,5,f,13,0.0,12,90.4,89.4,na,5,0.5,350,0.07,0.403,1.663,-0.017,1.723,70.4,1.798,112.4,57.46,63.16,141.1545153
1_061_B2_13_f,1,2,61,2,5,f,13,0.0,12,90.4,89.4,na,6,0.5,350,0.07,0.362,1.54,0.058,1.79,70.0,1.674,112.4,57.46,63.16,141.1545153
1_061_B2_16_g,1,2,61,2,6,g,16,0.0,12,90.4,89.4,na,1,0.5,390,0.07,0.255,1.171,-0.196,1.984,48.7,1.314,116.2,58.82,65.47,145.7688351
1_061_B2_16_g,1,2,61,2,6,g,16,0.0,12,90.4,89.4,na,2,0.5,390,0.07,0.258,1.111,-0.256,1.916,52.3,1.214,116.2,58.82,65.47,145.7688351
1_061_B2_16_g,1,2,61,2,6,g,16,0.0,12,90.4,89.4,na,3,0.5,390,0.07,0.267,1.209,-0.165,1.952,49.4,1.285,116.2,58.82,65.47,145.7688351
1_061_B2_16_g,1,2,61,2,6,g,16,0.0,12,90.4,89.4,na,4,0.5,390,0.07,0.295,1.431,-0.074,2.183,52.4,1.736,116.2,58.82,65.47,145.7688351
1_061_B2_16_g,1,2,61,2,6,g,16,0.0,12,90.4,89.4,na,5,0.5,390,0.07,0.288,1.24,-0.229,1.898,56.4,1.318,116.2,58.82,65.47,145.7688351
1_061_B2_16_g,1,2,61,2,6,g,16,0.0,12,90.4,89.4,na,6,0.5,390,0.07,0.275,1.229,-0.083,2.061,47.5,1.405,116.2,58.82,65.47,145.7688351
1_061_B2_17_h,1,2,61,2,6,h,17,0.0,12,90.4,89.4,na,1,0.5,390,0.1,0.413,2.04,-0.025,2.268,78.8,2.272,144.9,69.67,69.12,175.0071236
1_061_B2_17_h,1,2,61,2,6,h,17,0.0,12,90.4,89.4,na,2,0.5,390,0.1,0.396,1.974,0.233,2.399,60.0,2.086,144.9,69.67,69.12,175.0071236
1_061_B2_17_h,1,2,61,2,6,h,17,0.0,12,90.4,89.4,na,3,0.5,390,0.1,0.389,1.962,0.185,2.329,73.7,2.074,144.9,69.67,69.12,175.0071236
1_061_B2_17_h,1,2,61,2,6,h,17,0.0,12,90.4,89.4,na,4,0.5,390,0.1,0.367,1.901,0.245,2.39,87.3,1.981,144.9,69.67,69.12,175.0071236
1_061_B2_17_h,1,2,61,2,6,h,17,0.0,12,90.4,89.4,na,5,0.5,390,0.1,0.406,2.006,0.001,2.307,67.3,2.187,144.9,69.67,69.12,175.0071236
1_061_B2_17_h,1,2,61,2,6,h,17,0.0,12,90.4,89.4,na,6,0.5,390,0.1,0.418,1.986,-0.044,2.184,71.4,2.176,144.9,69.67,69.12,175.0071236
1_061_B2_18_i,1,2,61,2,6,i,18,0.0,12,90.4,89.4,na,1,0.5,390,0.13,0.668,3.185,0.854,2.807,131.0,3.326,177.5,82.13,74.87,209.4208772
1_061_B2_18_i,1,2,61,2,6,i,18,0.0,12,90.4,89.4,na,2,0.5,390,0.13,0.658,3.202,0.716,2.794,132.1,3.347,177.5,82.13,74.87,209.4208772
1_061_B2_18_i,1,2,61,2,6,i,18,0.0,12,90.4,89.4,na,3,0.5,390,0.13,0.662,3.252,0.88,2.87,130.7,3.381,177.5,82.13,74.87,209.4208772
1_061_B2_18_i,1,2,61,2,6,i,18,0.0,12,90.4,89.4,na,4,0.5,390,0.13,0.668,3.202,0.844,2.768,128.5,3.393,177.5,82.13,74.87,209.4208772
1_061_B2_18_i,1,2,61,2,6,i,18,0.0,12,90.4,89.4,na,5,0.5,390,0.13,0.691,3.2,0.997,2.91,132.1,3.32,177.5,82.13,74.87,209.4208772
1_061_B2_18_i,1,2,61,2,6,i,18,0.0,12,90.4,89.4,na,6,0.5,390,0.13,0.66,3.18,0.779,2.87,131.4,3.32,177.5,82.13,74.87,209.4208772
1_071_B3_20_a,1,2,71,3,7,a,20,0.0,12,89.4,87.8,na,1,0.8,310,0.1,1.014,4.001,0.127,1.753,100.8,4.233,224.2,77.48,227.5,328.6716301
1_071_B3_20_a,1,2,71,3,7,a,20,0.0,12,89.4,87.8,na,2,0.8,310,0.1,0.974,4.021,0.222,1.839,100.8,4.329,224.2,77.48,227.5,328.6716301
1_071_B3_20_a,1,2,71,3,7,a,20,0.0,12,89.4,87.8,na,3,0.8,310,0.1,0.977,3.929,0.306,1.87,98.7,4.285,224.2,77.48,227.5,328.6716301
1_071_B3_20_a,1,2,71,3,7,a,20,0.0,12,89.4,87.8,na,4,0.8,310,0.1,0.966,3.764,0.304,1.805,101.4,4.006,224.2,77.48,227.5,328.6716301
1_071_B3_20_a,1,2,71,3,7,a,20,0.0,12,89.4,87.8,na,5,0.8,310,0.1,0.929,3.799,0.255,1.862,99.0,4.106,224.2,77.48,227.5,328.6716301
1_071_B3_20_a,1,2,71,3,7,a,20,0.0,12,89.4,87.8,na,6,0.8,310,0.1,0.918,3.775,0.302,1.915,100.6,4.276,224.2,77.48,227.5,328.6716301
1_071_B3_19_b,1,2,71,3,7,b,19,0.0,12,89.4,87.8,na,1,0.8,310,0.07,0.653,2.546,0.124,1.699,69.0,2.616,165.7,62.01,122.1,214.9654393
1_071_B3_19_b,1,2,71,3,7,b,19,0.0,12,89.4,87.8,na,2,0.8,310,0.07,0.603,2.315,0.236,1.742,70.9,2.458,165.7,62.01,122.1,214.9654393
1_071_B3_19_b,1,2,71,3,7,b,19,0.0,12,89.4,87.8,na,3,0.8,310,0.07,0.615,2.371,0.121,1.704,71.1,2.614,165.7,62.01,122.1,214.9654393
1_071_B3_19_b,1,2,71,3,7,b,19,0.0,12,89.4,87.8,na,4,0.8,310,0.07,0.607,2.271,0.106,1.64,70.3,2.351,165.7,62.01,122.1,214.9654393
1_071_B3_19_b,1,2,71,3,7,b,19,0.0,12,89.4,87.8,na,5,0.8,310,0.07,0.681,2.584,0.163,1.665,69.9,2.826,165.7,62.01,122.1,214.9654393
1_071_B3_19_b,1,2,71,3,7,b,19,0.0,12,89.4,87.8,na,6,0.8,310,0.07,0.753,2.911,0.373,1.828,70.0,3.03,165.7,62.01,122.1,214.9654393
1_071_B3_21_c,1,2,71,3,7,c,21,0.0,12,89.4,87.8,na,1,0.8,310,0.13,0.924,4.522,0.643,2.657,129.7,4.724,289.6,96.77,222.1,377.5725134
1_071_B3_21_c,1,2,71,3,7,c,21,0.0,12,89.4,87.8,na,2,0.8,310,0.13,0.93,4.495,0.605,2.611,134.5,4.635,289.6,96.77,222.1,377.5725134
1_071_B3_21_c,1,2,71,3,7,c,21,0.0,12,89.4,87.8,na,3,0.8,310,0.13,0.925,4.518,0.477,2.579,133.0,4.715,289.6,96.77,222.1,377.5725134
1_071_B3_21_c,1,2,71,3,7,c,21,0.0,12,89.4,87.8,na,4,0.8,310,0.13,0.932,4.545,0.689,2.72,124.3,4.836,289.6,96.77,222.1,377.5725134
1_071_B3_21_c,1,2,71,3,7,c,21,0.0,12,89.4,87.8,na,5,0.8,310,0.13,0.924,4.591,0.539,2.629,133.5,4.736,289.6,96.77,222.1,377.5725134
1_071_B3_21_c,1,2,71,3,7,c,21,0.0,12,89.4,87.8,na,6,0.8,310,0.13,0.936,4.532,0.505,2.613,128.6,4.647,289.6,96.77,222.1,377.5725134
1_071_B3_22_d,1,2,71,3,8,d,22,0.0,12,89.4,87.8,na,1,0.8,350,0.07,0.569,2.24,0.139,1.687,70.4,2.419,172.4,59.8,126.3,221.9222612
1_071_B3_22_d,1,2,71,3,8,d,22,0.0,12,89.4,87.8,na,2,0.8,350,0.07,0.581,2.296,0.051,1.693,70.4,2.427,172.4,59.8,126.3,221.9222612
1_071_B3_22_d,1,2,71,3,8,d,22,0.0,12,89.4,87.8,na,3,0.8,350,0.07,0.584,2.256,0.083,1.637,70.9,2.434,172.4,59.8,126.3,221.9222612
1_071_B3_22_d,1,2,71,3,8,d,22,0.0,12,89.4,87.8,na,4,0.8,350,0.07,0.579,2.318,0.056,1.694,71.1,2.464,172.4,59.8,126.3,221.9222612
1_071_B3_22_d,1,2,71,3,8,d,22,0.0,12,89.4,87.8,na,5,0.8,350,0.07,0.566,2.187,0.078,1.65,70.8,2.478,172.4,59.8,126.3,221.9222612
1_071_B3_22_d,1,2,71,3,8,d,22,0.0,12,89.4,87.8,na,6,0.8,350,0.07,0.539,2.245,0.148,1.75,70.6,2.389,172.4,59.8,126.3,221.9222612
1_071_B3_24_e,1,2,71,3,8,e,24,0.0,12,89.4,87.8,na,1,0.8,350,0.13,0.829,4.152,0.635,2.753,138.1,4.208,288.5,97.54,218.6,374.8763284
1_071_B3_24_e,1,2,71,3,8,e,24,0.0,12,89.4,87.8,na,2,0.8,350,0.13,0.892,4.297,0.543,2.599,128.3,4.44,288.5,97.54,218.6,374.8763284
1_071_B3_24_e,1,2,71,3,8,e,24,0.0,12,89.4,87.8,na,3,0.8,350,0.13,0.86,4.129,0.522,2.591,123.5,4.264,288.5,97.54,218.6,374.8763284
1_071_B3_24_e,1,2,71,3,8,e,24,0.0,12,89.4,87.8,na,4,0.8,350,0.13,0.874,4.159,0.694,2.643,118.2,4.301,288.5,97.54,218.6,374.8763284
1_071_B3_24_e,1,2,71,3,8,e,24,0.0,12,89.4,87.8,na,5,0.8,350,0.13,0.874,4.159,0.694,2.643,118.2,4.301,288.5,97.54,218.6,374.8763284
1_071_B3_24_e,1,2,71,3,8,e,24,0.0,12,89.4,87.8,na,6,0.8,350,0.13,0.894,4.218,0.549,2.562,134.7,4.399,288.5,97.54,218.6,374.8763284
1_071_B3_23_f,1,2,71,3,8,f,23,0.0,12,89.4,87.8,na,1,0.8,350,0.1,0.685,2.701,-0.122,1.73,101.1,2.872,231.4,78.87,224.3,331.7784304
1_071_B3_23_f,1,2,71,3,8,f,23,0.0,12,89.4,87.8,na,2,0.8,350,0.1,0.644,2.576,-0.055,1.728,101.6,2.847,231.4,78.87,224.3,331.7784304
1_071_B3_23_f,1,2,71,3,8,f,23,0.0,12,89.4,87.8,na,3,0.8,350,0.1,0.692,2.674,-0.058,1.697,100.9,2.827,231.4,78.87,224.3,331.7784304
1_071_B3_23_f,1,2,71,3,8,f,23,0.0,12,89.4,87.8,na,4,0.8,350,0.1,0.66,2.606,-0.062,1.738,101.3,2.703,231.4,78.87,224.3,331.7784304
1_071_B3_23_f,1,2,71,3,8,f,23,0.0,12,89.4,87.8,na,5,0.8,350,0.1,0.698,2.76,-0.012,1.72,102.0,2.948,231.4,78.87,224.3,331.7784304
1_071_B3_23_f,1,2,71,3,8,f,23,0.0,12,89.4,87.8,na,6,0.8,350,0.1,0.698,2.677,-0.081,1.708,101.4,2.809,231.4,78.87,224.3,331.7784304
1_071_B3_25_g,1,2,71,3,9,g,25,0.0,12,89.4,87.8,na,1,0.8,390,0.07,0.489,2.194,0.262,2.071,71.7,2.582,175.1,62.81,125.2,224.2323485
1_071_B3_25_g,1,2,71,3,9,g,25,0.0,12,89.4,87.8,na,2,0.8,390,0.07,0.465,2.085,0.214,2.044,69.9,2.348,175.1,62.81,125.2,224.2323485
1_071_B3_25_g,1,2,71,3,9,g,25,0.0,12,89.4,87.8,na,3,0.8,390,0.07,0.484,2.237,0.343,2.202,70.4,2.492,175.1,62.81,125.2,224.2323485
1_071_B3_25_g,1,2,71,3,9,g,25,0.0,12,89.4,87.8,na,4,0.8,390,0.07,0.489,2.19,0.215,2.034,70.8,2.332,175.1,62.81,125.2,224.2323485
1_071_B3_25_g,1,2,71,3,9,g,25,0.0,12,89.4,87.8,na,5,0.8,390,0.07,0.439,1.958,0.21,2.001,71.3,2.107,175.1,62.81,125.2,224.2323485
1_071_B3_25_g,1,2,71,3,9,g,25,0.0,12,89.4,87.8,na,6,0.8,390,0.07,0.439,2.005,0.255,2.066,70.5,2.278,175.1,62.81,125.2,224.2323485
1_071_B3_27_h,1,2,71,3,9,h,27,0.0,12,89.4,87.8,na,1,0.8,390,0.13,0.848,3.781,0.453,2.328,132.8,3.953,288.6,98.16,213.6,372.2234619
1_071_B3_27_h,1,2,71,3,9,h,27,0.0,12,89.4,87.8,na,2,0.8,390,0.13,0.823,3.847,0.649,2.487,113.7,4.026,288.6,98.16,213.6,372.2234619
1_071_B3_27_h,1,2,71,3,9,h,27,0.0,12,89.4,87.8,na,3,0.8,390,0.13,0.839,3.765,0.615,2.426,131.2,3.902,288.6,98.16,213.6,372.2234619
1_071_B3_27_h,1,2,71,3,9,h,27,0.0,12,89.4,87.8,na,4,0.8,390,0.13,0.838,3.797,0.555,2.39,130.7,3.943,288.6,98.16,213.6,372.2234619
1_071_B3_27_h,1,2,71,3,9,h,27,0.0,12,89.4,87.8,na,5,0.8,390,0.13,0.821,3.753,0.565,2.426,132.4,3.865,288.6,98.16,213.6,372.2234619
1_071_B3_27_h,1,2,71,3,9,h,27,0.0,12,89.4,87.8,na,6,0.8,390,0.13,0.843,3.794,0.514,2.372,131.9,3.909,288.6,98.16,213.6,372.2234619
1_071_B3_26_i,1,2,71,3,9,i,26,0.0,12,89.4,87.8,na,1,0.8,390,0.1,0.538,2.328,-0.013,1.92,79.0,2.546,236.9,77.17,223.4,334.6406713
1_071_B3_26_i,1,2,71,3,9,i,26,0.0,12,89.4,87.8,na,2,0.8,390,0.1,0.597,2.429,-0.162,1.813,100.7,2.742,236.9,77.17,223.4,334.6406713
1_071_B3_26_i,1,2,71,3,9,i,26,0.0,12,89.4,87.8,na,3,0.8,390,0.1,0.61,2.31,-0.176,1.711,101.8,2.436,236.9,77.17,223.4,334.6406713
1_071_B3_26_i,1,2,71,3,9,i,26,0.0,12,89.4,87.8,na,4,0.8,390,0.1,0.569,2.251,-0.275,1.754,101.5,2.424,236.9,77.17,223.4,334.6406713
1_071_B3_26_i,1,2,71,3,9,i,26,0.0,12,89.4,87.8,na,5,0.8,390,0.1,0.592,2.384,-0.127,1.791,102.2,2.638,236.9,77.17,223.4,334.6406713
1_071_B3_26_i,1,2,71,3,9,i,26,0.0,12,89.4,87.8,na,6,0.8,390,0.1,0.579,2.361,-0.223,1.759,102.2,2.467,236.9,77.17,223.4,334.6406713
2_043_L1_4_a,2,1,43,1,na,a,4,0.0,12,87.1,86.6,na,1,0.25,350,0.13,1.05,4.504,0.959,2.728,132.5,4.864,80.23,61.8,28.33,105.1602672
2_043_L1_4_a,2,1,43,1,na,a,4,0.0,12,87.1,86.6,na,2,0.25,350,0.13,1.088,4.791,0.904,2.637,129.7,5.776,80.23,61.8,28.33,105.1602672
2_043_L1_4_a,2,1,43,1,na,a,4,0.0,12,87.1,86.6,na,3,0.25,350,0.13,1.056,4.451,0.984,2.741,130.9,4.696,80.23,61.8,28.33,105.1602672
2_043_L1_4_a,2,1,43,1,na,a,4,0.0,12,87.1,86.6,na,4,0.25,350,0.13,1.059,4.518,0.99,2.758,127.3,4.802,80.23,61.8,28.33,105.1602672
2_043_L1_4_a,2,1,43,1,na,a,4,0.0,12,87.1,86.6,na,5,0.25,350,0.13,1.062,4.578,1.025,2.838,128.3,4.814,80.23,61.8,28.33,105.1602672
2_043_L1_4_a,2,1,43,1,na,a,4,0.0,12,87.1,86.6,na,6,0.25,350,0.13,1.037,4.462,1.105,2.929,129.1,4.641,80.23,61.8,28.33,105.1602672
2_043_L1_2_b,2,1,43,1,na,b,2,0.0,12,87.1,86.6,na,1,0.25,350,0.09,0.441,2.136,0.985,3.052,91.4,2.537,63.37,52.39,27.34,86.64839641
2_043_L1_2_b,2,1,43,1,na,b,2,0.0,12,87.1,86.6,na,2,0.25,350,0.09,0.319,1.679,0.878,3.145,90.4,1.913,63.37,52.39,27.34,86.64839641
2_043_L1_2_b,2,1,43,1,na,b,2,0.0,12,87.1,86.6,na,3,0.25,350,0.09,0.377,1.905,0.893,3.053,93.8,2.05,63.37,52.39,27.34,86.64839641
2_043_L1_2_b,2,1,43,1,na,b,2,0.0,12,87.1,86.6,na,4,0.25,350,0.09,0.331,1.743,1.077,3.437,85.8,1.883,63.37,52.39,27.34,86.64839641
2_043_L1_2_b,2,1,43,1,na,b,2,0.0,12,87.1,86.6,na,5,0.25,350,0.09,0.333,1.782,1.156,3.574,88.3,1.852,63.37,52.39,27.34,86.64839641
2_043_L1_2_b,2,1,43,1,na,b,2,0.0,12,87.1,86.6,na,6,0.25,350,0.09,0.37,1.908,0.918,3.109,89.8,1.989,63.37,52.39,27.34,86.64839641
2_043_L1_3_c,2,1,43,1,na,c,3,0.0,12,87.1,86.6,na,1,0.25,350,0.11,0.647,3.27,0.817,2.95,109.9,3.422,70.71,56.16,26.94,94.23170008
2_043_L1_3_c,2,1,43,1,na,c,3,0.0,12,87.1,86.6,na,2,0.25,350,0.11,0.527,2.772,1.203,3.63,110.0,2.917,70.71,56.16,26.94,94.23170008
2_043_L1_3_c,2,1,43,1,na,c,3,0.0,12,87.1,86.6,na,3,0.25,350,0.11,0.506,2.765,1.301,3.952,110.8,2.863,70.71,56.16,26.94,94.23170008
2_043_L1_3_c,2,1,43,1,na,c,3,0.0,12,87.1,86.6,na,4,0.25,350,0.11,0.534,2.82,1.156,3.649,105.9,3.037,70.71,56.16,26.94,94.23170008
2_043_L1_3_c,2,1,43,1,na,c,3,0.0,12,87.1,86.6,na,5,0.25,350,0.11,0.504,2.738,1.261,3.86,109.7,2.915,70.71,56.16,26.94,94.23170008
2_043_L1_3_c,2,1,43,1,na,c,3,0.0,12,87.1,86.6,na,6,0.25,350,0.11,0.513,2.775,1.241,3.796,111.6,2.897,70.71,56.16,26.94,94.23170008
2_043_L1_4_d,2,2,43,1,na,d,4,0.0,12,87.1,86.6,na,1,0.25,350,0.13,0.902,3.866,0.782,2.486,131.5,4.026,79.98,61.15,26.48,104.1024174
2_043_L1_4_d,2,2,43,1,na,d,4,0.0,12,87.1,86.6,na,2,0.25,350,0.13,0.863,3.988,0.73,2.532,129.1,4.558,79.98,61.15,26.48,104.1024174
2_043_L1_4_d,2,2,43,1,na,d,4,0.0,12,87.1,86.6,na,3,0.25,350,0.13,0.972,3.928,0.843,2.476,133.8,4.071,79.98,61.15,26.48,104.1024174
2_043_L1_4_d,2,2,43,1,na,d,4,0.0,12,87.1,86.6,na,4,0.25,350,0.13,0.85,3.726,0.889,2.666,123.7,3.93,79.98,61.15,26.48,104.1024174
2_043_L1_4_d,2,2,43,1,na,d,4,0.0,12,87.1,86.6,na,5,0.25,350,0.13,0.85,3.745,0.845,2.626,132.8,3.847,79.98,61.15,26.48,104.1024174
2_043_L1_4_d,2,2,43,1,na,d,4,0.0,12,87.1,86.6,na,6,0.25,350,0.13,0.845,3.799,0.754,2.52,130.6,4.254,79.98,61.15,26.48,104.1024174
2_043_L1_1_e,2,1,43,1,na,e,1,0.0,12,87.1,86.6,na,1,0.25,350,0.07,0.236,1.083,0.447,2.035,70.5,1.148,51.5,45.96,25.9,73.72504052
2_043_L1_1_e,2,1,43,1,na,e,1,0.0,12,87.1,86.6,na,2,0.25,350,0.07,0.234,1.013,0.431,1.915,72.1,1.116,51.5,45.96,25.9,73.72504052
2_043_L1_1_e,2,1,43,1,na,e,1,0.0,12,87.1,86.6,na,3,0.25,350,0.07,0.236,1.02,0.47,1.938,70.9,1.176,51.5,45.96,25.9,73.72504052
2_043_L1_1_e,2,1,43,1,na,e,1,0.0,12,87.1,86.6,na,4,0.25,350,0.07,0.273,1.181,0.306,1.882,70.2,1.312,51.5,45.96,25.9,73.72504052
2_043_L1_1_e,2,1,43,1,na,e,1,0.0,12,87.1,86.6,na,5,0.25,350,0.07,0.238,1.002,0.472,1.881,70.2,1.099,51.5,45.96,25.9,73.72504052
2_043_L1_1_e,2,1,43,1,na,e,1,0.0,12,87.1,86.6,na,6,0.25,350,0.07,0.237,0.972,0.421,1.789,70.3,1.1,51.5,45.96,25.9,73.72504052
2_043_L1_2_f,2,2,43,1,na,f,2,0.0,12,87.1,86.6,na,1,0.25,350,0.09,0.38,1.739,0.522,2.16,81.9,1.912,63.52,49.88,25.1,84.57431525
2_043_L1_2_f,2,2,43,1,na,f,2,0.0,12,87.1,86.6,na,2,0.25,350,0.09,0.313,1.423,0.382,1.993,76.9,1.52,63.52,49.88,25.1,84.57431525
2_043_L1_2_f,2,2,43,1,na,f,2,0.0,12,87.1,86.6,na,3,0.25,350,0.09,0.312,1.398,0.265,1.931,78.6,1.503,63.52,49.88,25.1,84.57431525
2_043_L1_2_f,2,2,43,1,na,f,2,0.0,12,87.1,86.6,na,4,0.25,350,0.09,0.302,1.265,0.08,1.801,85.0,1.431,63.52,49.88,25.1,84.57431525
2_043_L1_2_f,2,2,43,1,na,f,2,0.0,12,87.1,86.6,na,5,0.25,350,0.09,0.32,1.34,0.169,1.794,76.6,1.478,63.52,49.88,25.1,84.57431525
2_043_L1_2_f,2,2,43,1,na,f,2,0.0,12,87.1,86.6,na,6,0.25,350,0.09,0.322,1.361,0.186,1.844,82.5,1.47,63.52,49.88,25.1,84.57431525
2_043_L1_1_g,2,2,43,1,na,g,1,0.0,12,87.1,86.6,na,1,0.25,350,0.07,0.143,0.778,0.521,2.543,31.4,0.931,55.29,44.64,24.17,75.0593272
2_043_L1_1_g,2,2,43,1,na,g,1,0.0,12,87.1,86.6,na,2,0.25,350,0.07,0.147,0.706,0.289,2.186,36.2,0.84,55.29,44.64,24.17,75.0593272
2_043_L1_1_g,2,2,43,1,na,g,1,0.0,12,87.1,86.6,na,3,0.25,350,0.07,0.142,0.74,0.073,2.368,32.3,0.89,55.29,44.64,24.17,75.0593272
2_043_L1_1_g,2,2,43,1,na,g,1,0.0,12,87.1,86.6,na,4,0.25,350,0.07,0.166,0.839,0.237,2.279,39.8,0.992,55.29,44.64,24.17,75.0593272
2_043_L1_1_g,2,2,43,1,na,g,1,0.0,12,87.1,86.6,na,5,0.25,350,0.07,0.159,0.831,0.271,2.33,35.3,0.902,55.29,44.64,24.17,75.0593272
2_043_L1_1_g,2,2,43,1,na,g,1,0.0,12,87.1,86.6,na,6,0.25,350,0.07,0.155,0.816,0.209,2.407,35.7,0.975,55.29,44.64,24.17,75.0593272
2_043_L1_3_h,2,2,43,1,na,h,3,0.0,12,87.1,86.6,na,1,0.25,350,0.11,0.325,1.653,0.92,3.038,60.9,1.733,74.77,54.71,24.75,95.89733834
2_043_L1_3_h,2,2,43,1,na,h,3,0.0,12,87.1,86.6,na,2,0.25,350,0.11,0.342,1.793,0.883,3.043,64.5,1.897,74.77,54.71,24.75,95.89733834
2_043_L1_3_h,2,2,43,1,na,h,3,0.0,12,87.1,86.6,na,3,0.25,350,0.11,0.311,1.653,0.971,3.207,53.0,1.744,74.77,54.71,24.75,95.89733834
2_043_L1_3_h,2,2,43,1,na,h,3,0.0,12,87.1,86.6,na,4,0.25,350,0.11,0.316,1.602,0.869,2.938,53.4,1.769,74.77,54.71,24.75,95.89733834
2_043_L1_3_h,2,2,43,1,na,h,3,0.0,12,87.1,86.6,na,5,0.25,350,0.11,0.32,1.666,1.056,3.373,59.1,1.75,74.77,54.71,24.75,95.89733834
2_043_L1_3_h,2,2,43,1,na,h,3,0.0,12,87.1,86.6,na,6,0.25,350,0.11,0.321,1.635,1.001,3.218,58.8,1.751,74.77,54.71,24.75,95.89733834
2_053_L1_8_a,2,1,53,2,na,a,8,0.0,12,86.6,85.6,na,1,0.5,350,0.13,1.675,6.855,0.587,2.171,131.5,8.003,168.0,86.76,79.87,205.2571911
2_053_L1_8_a,2,1,53,2,na,a,8,0.0,12,86.6,85.6,na,2,0.5,350,0.13,1.61,6.334,0.667,2.179,126.9,6.467,168.0,86.76,79.87,205.2571911
2_053_L1_8_a,2,1,53,2,na,a,8,0.0,12,86.6,85.6,na,3,0.5,350,0.13,1.577,6.228,0.725,2.252,128.5,6.422,168.0,86.76,79.87,205.2571911
2_053_L1_8_a,2,1,53,2,na,a,8,0.0,12,86.6,85.6,na,4,0.5,350,0.13,1.673,6.33,0.61,2.081,131.3,6.491,168.0,86.76,79.87,205.2571911
2_053_L1_8_a,2,1,53,2,na,a,8,0.0,12,86.6,85.6,na,5,0.5,350,0.13,1.591,6.405,0.771,2.353,128.2,6.593,168.0,86.76,79.87,205.2571911
2_053_L1_8_a,2,1,53,2,na,a,8,0.0,12,86.6,85.6,na,6,0.5,350,0.13,1.66,6.587,0.662,2.214,129.5,6.928,168.0,86.76,79.87,205.2571911
2_053_L1_7_b,2,1,53,2,na,b,7,0.0,12,86.6,85.6,na,1,0.5,350,0.11,1.086,4.53,0.747,2.389,110.4,4.869,148.5,75.7,74.01,182.3738471
2_053_L1_7_b,2,1,53,2,na,b,7,0.0,12,86.6,85.6,na,2,0.5,350,0.11,1.09,4.644,0.833,2.567,109.2,4.745,148.5,75.7,74.01,182.3738471
2_053_L1_7_b,2,1,53,2,na,b,7,0.0,12,86.6,85.6,na,3,0.5,350,0.11,1.12,4.862,0.74,2.436,111.1,5.298,148.5,75.7,74.01,182.3738471
2_053_L1_7_b,2,1,53,2,na,b,7,0.0,12,86.6,85.6,na,4,0.5,350,0.11,1.101,4.743,0.782,2.486,110.5,5.346,148.5,75.7,74.01,182.3738471
2_053_L1_7_b,2,1,53,2,na,b,7,0.0,12,86.6,85.6,na,5,0.5,350,0.11,1.108,4.637,0.743,2.421,110.1,4.761,148.5,75.7,74.01,182.3738471
2_053_L1_7_b,2,1,53,2,na,b,7,0.0,12,86.6,85.6,na,6,0.5,350,0.11,1.124,4.826,0.709,2.396,111.8,5.051,148.5,75.7,74.01,182.3738471
2_053_L1_6_c,2,1,53,2,na,c,6,0.0,12,86.6,85.6,na,1,0.5,350,0.09,0.954,3.805,0.651,2.164,90.5,4.047,125.1,65.95,67.73,156.8016754
2_053_L1_6_c,2,1,53,2,na,c,6,0.0,12,86.6,85.6,na,2,0.5,350,0.09,0.844,3.404,0.622,2.167,90.2,3.76,125.1,65.95,67.73,156.8016754
2_053_L1_6_c,2,1,53,2,na,c,6,0.0,12,86.6,85.6,na,3,0.5,350,0.09,0.793,3.407,0.817,2.511,89.3,3.618,125.1,65.95,67.73,156.8016754
2_053_L1_6_c,2,1,53,2,na,c,6,0.0,12,86.6,85.6,na,4,0.5,350,0.09,0.793,3.293,0.726,2.316,90.2,3.539,125.1,65.95,67.73,156.8016754
2_053_L1_6_c,2,1,53,2,na,c,6,0.0,12,86.6,85.6,na,5,0.5,350,0.09,0.76,3.258,0.802,2.489,91.8,3.487,125.1,65.95,67.73,156.8016754
2_053_L1_6_c,2,1,53,2,na,c,6,0.0,12,86.6,85.6,na,6,0.5,350,0.09,0.937,3.715,0.638,2.147,90.2,3.837,125.1,65.95,67.73,156.8016754
2_053_L1_7_d,2,2,53,2,na,d,7,0.0,12,86.6,85.6,na,1,0.5,350,0.11,0.987,4.009,0.604,2.149,108.7,4.161,153.3,74.33,73.5,185.5480771
2_053_L1_7_d,2,2,53,2,na,d,7,0.0,12,86.6,85.6,na,2,0.5,350,0.11,0.965,4.063,0.628,2.211,110.3,4.837,153.3,74.33,73.5,185.5480771
2_053_L1_7_d,2,2,53,2,na,d,7,0.0,12,86.6,85.6,na,3,0.5,350,0.11,1.232,4.75,0.538,2.015,109.1,4.912,153.3,74.33,73.5,185.5480771
2_053_L1_7_d,2,2,53,2,na,d,7,0.0,12,86.6,85.6,na,4,0.5,350,0.11,1.206,4.78,0.445,1.968,108.1,5.579,153.3,74.33,73.5,185.5480771
2_053_L1_7_d,2,2,53,2,na,d,7,0.0,12,86.6,85.6,na,5,0.5,350,0.11,1.035,4.165,0.552,2.092,109.8,4.45,153.3,74.33,73.5,185.5480771
2_053_L1_7_d,2,2,53,2,na,d,7,0.0,12,86.6,85.6,na,6,0.5,350,0.11,1.114,4.488,0.487,2.056,107.3,4.755,153.3,74.33,73.5,185.5480771
2_053_L1_5_e,2,1,53,2,na,e,5,0.0,12,86.6,85.6,na,1,0.5,350,0.07,0.486,2.168,0.638,2.311,69.4,2.307,104.3,55.74,60.61,132.8872067
2_053_L1_5_e,2,1,53,2,na,e,5,0.0,12,86.6,85.6,na,2,0.5,350,0.07,0.435,1.866,0.485,2.046,71.0,2.052,104.3,55.74,60.61,132.8872067
2_053_L1_5_e,2,1,53,2,na,e,5,0.0,12,86.6,85.6,na,3,0.5,350,0.07,0.463,2.094,0.478,2.153,71.0,2.29,104.3,55.74,60.61,132.8872067
2_053_L1_5_e,2,1,53,2,na,e,5,0.0,12,86.6,85.6,na,4,0.5,350,0.07,0.464,2.021,0.459,2.021,70.9,2.204,104.3,55.74,60.61,132.8872067
2_053_L1_5_e,2,1,53,2,na,e,5,0.0,12,86.6,85.6,na,5,0.5,350,0.07,0.463,2.082,0.56,2.218,70.9,2.182,104.3,55.74,60.61,132.8872067
2_053_L1_5_e,2,1,53,2,na,e,5,0.0,12,86.6,85.6,na,6,0.5,350,0.07,0.456,2.063,0.517,2.132,71.1,2.184,104.3,55.74,60.61,132.8872067
2_053_L1_6_f,2,2,53,2,na,f,6,0.0,12,86.6,85.6,na,1,0.5,350,0.09,0.62,2.664,0.45,2.028,89.6,2.814,128.2,64.97,65.88,158.102863
2_053_L1_6_f,2,2,53,2,na,f,6,0.0,12,86.6,85.6,na,2,0.5,350,0.09,0.62,2.656,0.505,2.08,90.3,2.758,128.2,64.97,65.88,158.102863
2_053_L1_6_f,2,2,53,2,na,f,6,0.0,12,86.6,85.6,na,3,0.5,350,0.09,0.612,2.579,0.469,2.022,91.4,2.682,128.2,64.97,65.88,158.102863
2_053_L1_6_f,2,2,53,2,na,f,6,0.0,12,86.6,85.6,na,4,0.5,350,0.09,0.693,2.739,0.43,1.877,91.1,2.969,128.2,64.97,65.88,158.102863
2_053_L1_6_f,2,2,53,2,na,f,6,0.0,12,86.6,85.6,na,5,0.5,350,0.09,0.613,2.637,0.472,2.056,90.2,2.936,128.2,64.97,65.88,158.102863
2_053_L1_6_f,2,2,53,2,na,f,6,0.0,12,86.6,85.6,na,6,0.5,350,0.09,0.609,2.648,0.464,2.053,89.7,2.803,128.2,64.97,65.88,158.102863
2_053_L1_8_g,2,2,53,2,na,g,8,0.0,12,86.6,85.6,na,1,0.5,350,0.13,1.03,4.369,0.565,2.321,131.3,4.596,174.1,84.62,76.44,208.1211859
2_053_L1_8_g,2,2,53,2,na,g,8,0.0,12,86.6,85.6,na,2,0.5,350,0.13,1.026,4.426,0.672,2.455,131.2,4.735,174.1,84.62,76.44,208.1211859
2_053_L1_8_g,2,2,53,2,na,g,8,0.0,12,86.6,85.6,na,3,0.5,350,0.13,1.026,4.426,0.672,2.455,131.2,4.735,174.1,84.62,76.44,208.1211859
2_053_L1_8_g,2,2,53,2,na,g,8,0.0,12,86.6,85.6,na,4,0.5,350,0.13,1.062,4.492,0.485,2.237,129.0,5.144,174.1,84.62,76.44,208.1211859
2_053_L1_8_g,2,2,53,2,na,g,8,0.0,12,86.6,85.6,na,5,0.5,350,0.13,1.005,4.551,0.717,2.566,131.4,5.318,174.1,84.62,76.44,208.1211859
2_053_L1_8_g,2,2,53,2,na,g,8,0.0,12,86.6,85.6,na,6,0.5,350,0.13,0.996,4.47,0.475,2.323,129.1,5.344,174.1,84.62,76.44,208.1211859
2_053_L1_5_h,2,2,53,2,na,h,5,0.0,12,86.6,85.6,na,1,0.5,350,0.07,0.358,1.593,0.373,2.038,68.6,1.975,111.5,55.01,62.36,139.093924
2_053_L1_5_h,2,2,53,2,na,h,5,0.0,12,86.6,85.6,na,2,0.5,350,0.07,0.349,1.485,0.311,1.866,70.6,1.629,111.5,55.01,62.36,139.093924
2_053_L1_5_h,2,2,53,2,na,h,5,0.0,12,86.6,85.6,na,3,0.5,350,0.07,0.351,1.505,0.188,1.879,71.0,1.794,111.5,55.01,62.36,139.093924
2_053_L1_5_h,2,2,53,2,na,h,5,0.0,12,86.6,85.6,na,4,0.5,350,0.07,0.347,1.433,0.343,1.826,71.0,1.551,111.5,55.01,62.36,139.093924
2_053_L1_5_h,2,2,53,2,na,h,5,0.0,12,86.6,85.6,na,5,0.5,350,0.07,0.327,1.497,0.248,2.02,72.2,1.706,111.5,55.01,62.36,139.093924
2_053_L1_5_h,2,2,53,2,na,h,5,0.0,12,86.6,85.6,na,6,0.5,350,0.07,0.346,1.403,0.242,1.775,71.1,1.49,111.5,55.01,62.36,139.093924
2_033_L3_11_a,2,1,33,3,na,a,11,0.1,12,85.6,85.1,na,1,0.25,350,0.11,0.421,2.4,0.374,3.165,108.9,2.582,105.6,117.5,51.42,166.1373721
2_033_L3_11_a,2,1,33,3,na,a,11,0.1,12,85.6,85.1,na,2,0.25,350,0.11,0.431,2.514,0.533,3.361,106.0,2.706,105.6,117.5,51.42,166.1373721
2_033_L3_11_a,2,1,33,3,na,a,11,0.1,12,85.6,85.1,na,3,0.25,350,0.11,0.439,2.745,0.981,4.212,101.4,3.596,105.6,117.5,51.42,166.1373721
2_033_L3_11_a,2,1,33,3,na,a,11,0.1,12,85.6,85.1,na,4,0.25,350,0.11,0.396,2.257,0.21,2.901,84.4,2.659,105.6,117.5,51.42,166.1373721
2_033_L3_11_a,2,1,33,3,na,a,11,0.1,12,85.6,85.1,na,5,0.25,350,0.11,0.44,2.497,0.425,3.145,97.0,2.95,105.6,117.5,51.42,166.1373721
2_033_L3_11_a,2,1,33,3,na,a,11,0.1,12,85.6,85.1,na,6,0.25,350,0.11,0.452,2.58,0.278,2.989,116.6,2.865,105.6,117.5,51.42,166.1373721
2_033_L3_11_b,2,2,33,3,na,b,11,0.1,12,85.6,85.1,na,1,0.25,350,0.11,0.428,2.023,0.143,2.165,52.1,2.211,106.8,114.0,52.58,164.8238344
2_033_L3_11_b,2,2,33,3,na,b,11,0.1,12,85.6,85.1,na,2,0.25,350,0.11,0.443,2.268,0.313,2.408,53.9,2.573,106.8,114.0,52.58,164.8238344
2_033_L3_11_b,2,2,33,3,na,b,11,0.1,12,85.6,85.1,na,3,0.25,350,0.11,0.431,2.04,0.194,2.244,53.3,2.268,106.8,114.0,52.58,164.8238344
2_033_L3_11_b,2,2,33,3,na,b,11,0.1,12,85.6,85.1,na,4,0.25,350,0.11,0.422,2.192,0.255,2.484,53.1,2.534,106.8,114.0,52.58,164.8238344
2_033_L3_11_b,2,2,33,3,na,b,11,0.1,12,85.6,85.1,na,5,0.25,350,0.11,0.473,2.307,0.419,2.467,59.4,2.414,106.8,114.0,52.58,164.8238344
2_033_L3_11_b,2,2,33,3,na,b,11,0.1,12,85.6,85.1,na,6,0.25,350,0.11,0.427,2.204,0.448,2.523,52.8,2.573,106.8,114.0,52.58,164.8238344
2_033_L3_9_c,2,1,33,3,na,c,9,0.1,12,85.6,85.1,na,1,0.25,350,0.07,0.535,2.101,0.302,1.793,69.1,2.175,74.01,81.01,39.07,116.4755987
2_033_L3_9_c,2,1,33,3,na,c,9,0.1,12,85.6,85.1,na,2,0.25,350,0.07,0.556,2.228,0.212,1.785,69.8,2.456,74.01,81.01,39.07,116.4755987
2_033_L3_9_c,2,1,33,3,na,c,9,0.1,12,85.6,85.1,na,3,0.25,350,0.07,0.54,2.165,0.247,1.801,69.4,2.545,74.01,81.01,39.07,116.4755987
2_033_L3_9_c,2,1,33,3,na,c,9,0.1,12,85.6,85.1,na,4,0.25,350,0.07,0.444,2.002,0.157,1.926,69.7,2.248,74.01,81.01,39.07,116.4755987
2_033_L3_9_c,2,1,33,3,na,c,9,0.1,12,85.6,85.1,na,5,0.25,350,0.07,0.455,1.807,0.32,1.822,71.0,1.947,74.01,81.01,39.07,116.4755987
2_033_L3_9_c,2,1,33,3,na,c,9,0.1,12,85.6,85.1,na,6,0.25,350,0.07,0.421,1.795,0.228,1.877,69.6,2.046,74.01,81.01,39.07,116.4755987
2_033_L3_12_d,2,1,33,3,na,d,12,0.1,12,85.6,85.1,na,1,0.25,350,0.13,0.599,2.276,0.158,1.659,62.3,2.426,117.9,107.7,48.52,166.8948483
2_033_L3_12_d,2,1,33,3,na,d,12,0.1,12,85.6,85.1,na,2,0.25,350,0.13,0.668,2.599,0.259,1.741,64.3,2.804,117.9,107.7,48.52,166.8948483
2_033_L3_12_d,2,1,33,3,na,d,12,0.1,12,85.6,85.1,na,3,0.25,350,0.13,0.62,2.915,0.456,2.29,59.2,3.017,117.9,107.7,48.52,166.8948483
2_033_L3_12_d,2,1,33,3,na,d,12,0.1,12,85.6,85.1,na,4,0.25,350,0.13,0.631,2.923,0.31,2.141,59.7,3.125,117.9,107.7,48.52,166.8948483
2_033_L3_12_d,2,1,33,3,na,d,12,0.1,12,85.6,85.1,na,5,0.25,350,0.13,0.516,2.717,0.396,2.696,58.0,2.817,117.9,107.7,48.52,166.8948483
2_033_L3_12_d,2,1,33,3,na,d,12,0.1,12,85.6,85.1,na,6,0.25,350,0.13,0.655,2.902,0.347,2.07,61.9,2.996,117.9,107.7,48.52,166.8948483
2_033_L3_12_e,2,2,33,3,na,e,12,0.1,12,85.6,85.1,na,1,0.25,350,0.13,0.624,2.808,0.477,2.273,65.9,2.969,115.9,106.1,47.52,164.158979
2_033_L3_12_e,2,2,33,3,na,e,12,0.1,12,85.6,85.1,na,2,0.25,350,0.13,0.571,2.524,0.486,2.126,69.4,2.784,115.9,106.1,47.52,164.158979
2_033_L3_12_e,2,2,33,3,na,e,12,0.1,12,85.6,85.1,na,3,0.25,350,0.13,0.579,2.488,0.303,1.917,64.9,2.779,115.9,106.1,47.52,164.158979
2_033_L3_12_e,2,2,33,3,na,e,12,0.1,12,85.6,85.1,na,4,0.25,350,0.13,0.58,2.507,0.425,2.046,66.7,2.67,115.9,106.1,47.52,164.158979
2_033_L3_12_e,2,2,33,3,na,e,12,0.1,12,85.6,85.1,na,5,0.25,350,0.13,0.58,2.64,0.353,2.096,65.4,2.84,115.9,106.1,47.52,164.158979
2_033_L3_12_e,2,2,33,3,na,e,12,0.1,12,85.6,85.1,na,6,0.25,350,0.13,0.589,2.613,0.271,2.017,55.0,3.131,115.9,106.1,47.52,164.158979
2_033_L3_10_f,2,1,33,3,na,f,10,0.1,12,85.6,85.1,na,1,0.25,350,0.09,0.384,1.704,0.115,1.965,47.9,1.892,84.33,83.26,39.29,124.8498322
2_033_L3_10_f,2,1,33,3,na,f,10,0.1,12,85.6,85.1,na,2,0.25,350,0.09,0.397,1.736,0.088,1.942,49.8,1.877,84.33,83.26,39.29,124.8498322
2_033_L3_10_f,2,1,33,3,na,f,10,0.1,12,85.6,85.1,na,3,0.25,350,0.09,0.402,1.752,0.102,1.983,54.0,2.014,84.33,83.26,39.29,124.8498322
2_033_L3_10_f,2,1,33,3,na,f,10,0.1,12,85.6,85.1,na,4,0.25,350,0.09,0.471,1.935,0.397,1.945,35.9,2.083,84.33,83.26,39.29,124.8498322
2_033_L3_10_f,2,1,33,3,na,f,10,0.1,12,85.6,85.1,na,5,0.25,350,0.09,0.407,1.821,0.067,2.001,53.1,2.084,84.33,83.26,39.29,124.8498322
2_033_L3_10_f,2,1,33,3,na,f,10,0.1,12,85.6,85.1,na,6,0.25,350,0.09,0.394,1.636,0.115,1.908,63.1,1.805,84.33,83.26,39.29,124.8498322
2_033_L3_9_g,2,2,33,3,na,g,9,0.1,12,85.6,85.1,na,1,0.25,350,0.07,0.472,1.909,0.42,1.918,36.6,2.001,70.45,72.78,38.13,108.2313624
2_033_L3_9_g,2,2,33,3,na,g,9,0.1,12,85.6,85.1,na,2,0.25,350,0.07,0.476,2.05,0.311,1.963,39.0,2.375,70.45,72.78,38.13,108.2313624
2_033_L3_9_g,2,2,33,3,na,g,9,0.1,12,85.6,85.1,na,3,0.25,350,0.07,0.466,2.018,0.453,2.065,37.3,2.239,70.45,72.78,38.13,108.2313624
2_033_L3_9_g,2,2,33,3,na,g,9,0.1,12,85.6,85.1,na,4,0.25,350,0.07,0.475,1.951,0.422,1.978,36.4,2.187,70.45,72.78,38.13,108.2313624
2_033_L3_9_g,2,2,33,3,na,g,9,0.1,12,85.6,85.1,na,5,0.25,350,0.07,0.479,1.962,0.317,1.911,36.1,2.096,70.45,72.78,38.13,108.2313624
2_033_L3_9_g,2,2,33,3,na,g,9,0.1,12,85.6,85.1,na,6,0.25,350,0.07,0.476,1.991,0.355,1.958,38.2,2.093,70.45,72.78,38.13,108.2313624
2_033_L3_10_h,2,2,33,3,na,h,10,0.1,12,85.6,85.1,na,1,0.25,350,0.09,0.445,1.996,0.012,1.948,48.2,2.068,84.6,81.94,39.65,124.2716625
2_033_L3_10_h,2,2,33,3,na,h,10,0.1,12,85.6,85.1,na,2,0.25,350,0.09,0.444,2.041,0.005,1.987,56.0,2.23,84.6,81.94,39.65,124.2716625
2_033_L3_10_h,2,2,33,3,na,h,10,0.1,12,85.6,85.1,na,3,0.25,350,0.09,0.465,2.052,0.064,1.927,53.3,2.242,84.6,81.94,39.65,124.2716625
2_033_L3_10_h,2,2,33,3,na,h,10,0.1,12,85.6,85.1,na,4,0.25,350,0.09,0.467,2.137,0.082,1.971,51.2,2.25,84.6,81.94,39.65,124.2716625
2_033_L3_10_h,2,2,33,3,na,h,10,0.1,12,85.6,85.1,na,5,0.25,350,0.09,0.45,1.989,0.06,1.925,44.6,2.116,84.6,81.94,39.65,124.2716625
2_033_L3_10_h,2,2,33,3,na,h,10,0.1,12,85.6,85.1,na,6,0.25,350,0.09,0.466,2.012,-0.027,1.884,54.2,2.126,84.6,81.94,39.65,124.2716625
2_013_L4_14_a,2,1,13,4,na,a,14,0.1,12,85.1,84.1,na,1,0.5,350,0.09,0.802,3.256,0.15,1.852,86.0,3.689,145.1,110.1,88.58,202.5399625
2_013_L4_14_a,2,1,13,4,na,a,14,0.1,12,85.1,84.1,na,2,0.5,350,0.09,0.742,2.924,0.064,1.709,89.7,3.393,145.1,110.1,88.58,202.5399625
2_013_L4_14_a,2,1,13,4,na,a,14,0.1,12,85.1,84.1,na,3,0.5,350,0.09,0.682,2.918,0.241,1.983,90.3,3.155,145.1,110.1,88.58,202.5399625
2_013_L4_14_a,2,1,13,4,na,a,14,0.1,12,85.1,84.1,na,4,0.5,350,0.09,0.653,2.719,0.25,1.869,84.2,3.042,145.1,110.1,88.58,202.5399625
2_013_L4_14_a,2,1,13,4,na,a,14,0.1,12,85.1,84.1,na,5,0.5,350,0.09,0.648,2.557,0.148,1.733,89.8,2.796,145.1,110.1,88.58,202.5399625
2_013_L4_14_a,2,1,13,4,na,a,14,0.1,12,85.1,84.1,na,6,0.5,350,0.09,0.705,2.884,0.203,1.875,90.0,3.206,145.1,110.1,88.58,202.5399625
2_013_L4_13_b,2,1,13,4,na,b,13,0.1,12,85.1,84.1,na,1,0.5,350,0.07,0.58,2.142,0.132,1.68,71.9,2.452,117.9,89.53,75.31,166.0952347
2_013_L4_13_b,2,1,13,4,na,b,13,0.1,12,85.1,84.1,na,2,0.5,350,0.07,0.547,2.126,0.138,1.709,69.3,2.324,117.9,89.53,75.31,166.0952347
2_013_L4_13_b,2,1,13,4,na,b,13,0.1,12,85.1,84.1,na,3,0.5,350,0.07,0.612,2.232,0.182,1.65,70.4,2.305,117.9,89.53,75.31,166.0952347
2_013_L4_13_b,2,1,13,4,na,b,13,0.1,12,85.1,84.1,na,4,0.5,350,0.07,0.697,2.565,0.073,1.614,69.4,2.659,117.9,89.53,75.31,166.0952347
2_013_L4_13_b,2,1,13,4,na,b,13,0.1,12,85.1,84.1,na,5,0.5,350,0.07,0.645,2.249,0.055,1.508,70.9,2.455,117.9,89.53,75.31,166.0952347
2_013_L4_13_b,2,1,13,4,na,b,13,0.1,12,85.1,84.1,na,6,0.5,350,0.07,0.527,2.056,0.189,1.73,71.1,2.243,117.9,89.53,75.31,166.0952347
2_013_L4_16_c,2,1,13,4,na,c,16,0.1,12,85.1,84.1,na,1,0.5,350,0.13,0.852,3.63,0.266,1.927,134.4,4.678,181.3,121.6,89.72,236.0210338
2_013_L4_16_c,2,1,13,4,na,c,16,0.1,12,85.1,84.1,na,2,0.5,350,0.13,0.922,4.143,0.526,2.327,129.6,5.439,181.3,121.6,89.72,236.0210338
2_013_L4_16_c,2,1,13,4,na,c,16,0.1,12,85.1,84.1,na,3,0.5,350,0.13,0.949,3.676,0.28,1.87,130.9,3.829,181.3,121.6,89.72,236.0210338
2_013_L4_16_c,2,1,13,4,na,c,16,0.1,12,85.1,84.1,na,4,0.5,350,0.13,0.945,3.838,0.601,2.198,132.2,4.095,181.3,121.6,89.72,236.0210338
2_013_L4_16_c,2,1,13,4,na,c,16,0.1,12,85.1,84.1,na,5,0.5,350,0.13,0.904,4.027,0.582,2.357,128.2,4.854,181.3,121.6,89.72,236.0210338
2_013_L4_16_c,2,1,13,4,na,c,16,0.1,12,85.1,84.1,na,6,0.5,350,0.13,0.943,4.037,0.444,2.152,130.4,4.56,181.3,121.6,89.72,236.0210338
2_013_L4_16_d,2,2,13,4,na,d,16,0.1,12,85.1,84.1,na,1,0.5,350,0.13,0.866,3.71,0.634,2.311,125.9,4.057,185.2,117.6,91.08,237.5381367
2_013_L4_16_d,2,2,13,4,na,d,16,0.1,12,85.1,84.1,na,2,0.5,350,0.13,0.817,3.36,0.468,2.116,131.1,3.612,185.2,117.6,91.08,237.5381367
2_013_L4_16_d,2,2,13,4,na,d,16,0.1,12,85.1,84.1,na,3,0.5,350,0.13,0.82,3.544,0.585,2.328,132.7,3.939,185.2,117.6,91.08,237.5381367
2_013_L4_16_d,2,2,13,4,na,d,16,0.1,12,85.1,84.1,na,4,0.5,350,0.13,0.797,3.544,0.597,2.37,132.1,3.857,185.2,117.6,91.08,237.5381367
2_013_L4_16_d,2,2,13,4,na,d,16,0.1,12,85.1,84.1,na,5,0.5,350,0.13,0.813,3.566,0.536,2.25,130.9,3.816,185.2,117.6,91.08,237.5381367
2_013_L4_16_d,2,2,13,4,na,d,16,0.1,12,85.1,84.1,na,6,0.5,350,0.13,0.785,3.664,0.798,2.652,126.9,4.012,185.2,117.6,91.08,237.5381367
2_013_L4_15_e,2,1,13,4,na,e,15,0.1,12,85.1,84.1,na,1,0.5,350,0.11,0.697,2.93,-0.004,1.889,113.0,3.353,162.2,105.2,86.88,211.9528589
2_013_L4_15_e,2,1,13,4,na,e,15,0.1,12,85.1,84.1,na,2,0.5,350,0.11,0.694,2.909,-0.032,1.852,104.4,3.316,162.2,105.2,86.88,211.9528589
2_013_L4_15_e,2,1,13,4,na,e,15,0.1,12,85.1,84.1,na,3,0.5,350,0.11,0.696,2.775,-0.075,1.772,107.9,2.861,162.2,105.2,86.88,211.9528589
2_013_L4_15_e,2,1,13,4,na,e,15,0.1,12,85.1,84.1,na,4,0.5,350,0.11,0.702,2.906,-0.132,1.81,103.9,3.396,162.2,105.2,86.88,211.9528589
2_013_L4_15_e,2,1,13,4,na,e,15,0.1,12,85.1,84.1,na,5,0.5,350,0.11,0.694,2.728,-0.093,1.735,106.9,2.923,162.2,105.2,86.88,211.9528589
2_013_L4_15_e,2,1,13,4,na,e,15,0.1,12,85.1,84.1,na,6,0.5,350,0.11,0.701,2.76,-0.261,1.778,108.8,3.025,162.2,105.2,86.88,211.9528589
2_013_L4_13_f,2,2,13,4,na,f,13,0.1,12,85.1,84.1,na,1,0.5,350,0.07,0.625,2.313,0.138,1.574,70.6,2.529,114.3,79.79,73.01,157.3575362
2_013_L4_13_f,2,2,13,4,na,f,13,0.1,12,85.1,84.1,na,2,0.5,350,0.07,0.604,2.193,0.068,1.585,70.5,2.379,114.3,79.79,73.01,157.3575362
2_013_L4_13_f,2,2,13,4,na,f,13,0.1,12,85.1,84.1,na,3,0.5,350,0.07,0.619,2.206,0.135,1.571,70.5,2.34,114.3,79.79,73.01,157.3575362
2_013_L4_13_f,2,2,13,4,na,f,13,0.1,12,85.1,84.1,na,4,0.5,350,0.07,0.616,2.269,0.16,1.62,71.0,2.451,114.3,79.79,73.01,157.3575362
2_013_L4_13_f,2,2,13,4,na,f,13,0.1,12,85.1,84.1,na,5,0.5,350,0.07,0.605,2.192,0.108,1.574,70.5,2.265,114.3,79.79,73.01,157.3575362
2_013_L4_13_f,2,2,13,4,na,f,13,0.1,12,85.1,84.1,na,6,0.5,350,0.07,0.651,2.336,0.133,1.554,69.8,2.582,114.3,79.79,73.01,157.3575362
2_013_L4_14_g,2,2,13,4,na,g,14,0.1,12,85.1,84.1,na,1,0.5,350,0.09,0.672,2.26,-0.063,1.443,91.8,2.469,137.8,89.44,79.55,182.5282337
2_013_L4_14_g,2,2,13,4,na,g,14,0.1,12,85.1,84.1,na,2,0.5,350,0.09,0.673,2.349,-0.101,1.491,89.7,2.538,137.8,89.44,79.55,182.5282337
2_013_L4_14_g,2,2,13,4,na,g,14,0.1,12,85.1,84.1,na,3,0.5,350,0.09,0.667,2.303,-0.091,1.489,91.6,2.458,137.8,89.44,79.55,182.5282337
2_013_L4_14_g,2,2,13,4,na,g,14,0.1,12,85.1,84.1,na,4,0.5,350,0.09,0.676,2.287,0.004,1.451,91.9,2.631,137.8,89.44,79.55,182.5282337
2_013_L4_14_g,2,2,13,4,na,g,14,0.1,12,85.1,84.1,na,5,0.5,350,0.09,0.684,2.392,-0.087,1.489,87.8,2.525,137.8,89.44,79.55,182.5282337
2_013_L4_14_g,2,2,13,4,na,g,14,0.1,12,85.1,84.1,na,6,0.5,350,0.09,0.672,2.256,0.032,1.448,90.6,2.381,137.8,89.44,79.55,182.5282337
2_013_L4_15_h,2,2,13,4,na,h,15,0.1,12,85.1,84.1,na,1,0.5,350,0.11,0.768,2.685,-0.267,1.549,108.9,2.907,161.3,100.5,84.26,207.8886423
2_013_L4_15_h,2,2,13,4,na,h,15,0.1,12,85.1,84.1,na,2,0.5,350,0.11,0.736,2.719,-0.229,1.588,111.8,3.055,161.3,100.5,84.26,207.8886423
2_013_L4_15_h,2,2,13,4,na,h,15,0.1,12,85.1,84.1,na,3,0.5,350,0.11,0.737,2.776,-0.279,1.643,107.6,3.074,161.3,100.5,84.26,207.8886423
2_013_L4_15_h,2,2,13,4,na,h,15,0.1,12,85.1,84.1,na,4,0.5,350,0.11,0.77,2.774,-0.285,1.605,109.7,3.368,161.3,100.5,84.26,207.8886423
2_013_L4_15_h,2,2,13,4,na,h,15,0.1,12,85.1,84.1,na,5,0.5,350,0.11,0.745,2.783,-0.199,1.602,111.4,2.946,161.3,100.5,84.26,207.8886423
2_013_L4_15_h,2,2,13,4,na,h,15,0.1,12,85.1,84.1,na,6,0.5,350,0.11,0.757,2.714,-0.173,1.546,110.5,2.924,161.3,100.5,84.26,207.8886423
2_023_L5_17_a,2,1,23,5,na,a,17,0.3,12,84.1,83.6,na,1,0.25,350,0.07,0.46,2.193,0.99,2.762,69.6,2.451,95.69,201.9,101.2,245.2786703
2_023_L5_17_a,2,1,23,5,na,a,17,0.3,12,84.1,83.6,na,2,0.25,350,0.07,0.509,2.523,0.721,2.657,70.0,2.761,95.69,201.9,101.2,245.2786703
2_023_L5_17_a,2,1,23,5,na,a,17,0.3,12,84.1,83.6,na,3,0.25,350,0.07,0.434,2.065,0.978,2.774,71.3,2.533,95.69,201.9,101.2,245.2786703
2_023_L5_17_a,2,1,23,5,na,a,17,0.3,12,84.1,83.6,na,4,0.25,350,0.07,0.524,2.586,1.033,2.97,71.7,3.088,95.69,201.9,101.2,245.2786703
2_023_L5_17_a,2,1,23,5,na,a,17,0.3,12,84.1,83.6,na,5,0.25,350,0.07,0.539,2.507,0.848,2.649,69.5,2.901,95.69,201.9,101.2,245.2786703
2_023_L5_17_a,2,1,23,5,na,a,17,0.3,12,84.1,83.6,na,6,0.25,350,0.07,0.573,2.574,0.792,2.459,68.9,2.923,95.69,201.9,101.2,245.2786703
2_023_L5_18_b,2,1,23,5,na,b,18,0.3,12,84.1,83.6,na,1,0.25,350,0.09,0.65,3.566,0.405,2.637,89.5,3.849,107.0,193.4,93.72,240.074985
2_023_L5_18_b,2,1,23,5,na,b,18,0.3,12,84.1,83.6,na,2,0.25,350,0.09,0.633,2.779,0.774,2.361,90.9,3.059,107.0,193.4,93.72,240.074985
2_023_L5_18_b,2,1,23,5,na,b,18,0.3,12,84.1,83.6,na,3,0.25,350,0.09,0.68,3.629,0.619,2.772,89.5,3.913,107.0,193.4,93.72,240.074985
2_023_L5_18_b,2,1,23,5,na,b,18,0.3,12,84.1,83.6,na,4,0.25,350,0.09,0.704,3.606,0.576,2.578,92.7,3.854,107.0,193.4,93.72,240.074985
2_023_L5_18_b,2,1,23,5,na,b,18,0.3,12,84.1,83.6,na,5,0.25,350,0.09,0.634,2.858,0.7,2.316,88.2,3.169,107.0,193.4,93.72,240.074985
2_023_L5_18_b,2,1,23,5,na,b,18,0.3,12,84.1,83.6,na,6,0.25,350,0.09,0.613,2.996,0.632,2.478,83.0,3.199,107.0,193.4,93.72,240.074985
2_023_L5_17_c,2,2,23,5,na,c,17,0.3,12,84.1,83.6,na,1,0.25,350,0.07,0.522,2.876,0.79,3.033,69.9,3.306,94.42,190.1,93.19,231.8135512
2_023_L5_17_c,2,2,23,5,na,c,17,0.3,12,84.1,83.6,na,2,0.25,350,0.07,0.617,3.102,0.484,2.487,71.6,3.619,94.42,190.1,93.19,231.8135512
2_023_L5_17_c,2,2,23,5,na,c,17,0.3,12,84.1,83.6,na,3,0.25,350,0.07,0.65,3.184,0.481,2.329,69.8,3.422,94.42,190.1,93.19,231.8135512
2_023_L5_17_c,2,2,23,5,na,c,17,0.3,12,84.1,83.6,na,4,0.25,350,0.07,0.647,3.342,0.499,2.408,70.4,3.585,94.42,190.1,93.19,231.8135512
2_023_L5_17_c,2,2,23,5,na,c,17,0.3,12,84.1,83.6,na,5,0.25,350,0.07,0.695,3.4,0.618,2.58,69.0,3.733,94.42,190.1,93.19,231.8135512
2_023_L5_17_c,2,2,23,5,na,c,17,0.3,12,84.1,83.6,na,6,0.25,350,0.07,0.734,3.469,0.556,2.461,70.0,3.724,94.42,190.1,93.19,231.8135512
2_023_L5_20_d,2,1,23,5,na,d,20,0.3,12,84.1,83.6,na,1,0.25,350,0.13,0.998,4.239,0.643,2.249,130.4,4.55,128.6,191.0,90.33,247.3428166
2_023_L5_20_d,2,1,23,5,na,d,20,0.3,12,84.1,83.6,na,2,0.25,350,0.13,0.956,4.131,0.787,2.371,131.2,4.23,128.6,191.0,90.33,247.3428166
2_023_L5_20_d,2,1,23,5,na,d,20,0.3,12,84.1,83.6,na,3,0.25,350,0.13,0.992,4.198,0.615,2.191,130.6,4.423,128.6,191.0,90.33,247.3428166
2_023_L5_20_d,2,1,23,5,na,d,20,0.3,12,84.1,83.6,na,4,0.25,350,0.13,0.99,4.211,0.551,2.172,131.7,4.557,128.6,191.0,90.33,247.3428166
2_023_L5_20_d,2,1,23,5,na,d,20,0.3,12,84.1,83.6,na,5,0.25,350,0.13,0.987,3.97,0.608,2.111,133.4,4.294,128.6,191.0,90.33,247.3428166
2_023_L5_20_d,2,1,23,5,na,d,20,0.3,12,84.1,83.6,na,6,0.25,350,0.13,0.94,4.13,0.812,2.456,122.4,4.289,128.6,191.0,90.33,247.3428166
2_023_L5_19_e,2,1,23,5,na,e,19,0.3,12,84.1,83.6,na,1,0.25,350,0.11,0.649,2.744,0.785,2.357,112.4,3.052,117.5,187.5,90.15,238.9341384
2_023_L5_19_e,2,1,23,5,na,e,19,0.3,12,84.1,83.6,na,2,0.25,350,0.11,0.649,2.744,0.785,2.357,112.4,3.052,117.5,187.5,90.15,238.9341384
2_023_L5_19_e,2,1,23,5,na,e,19,0.3,12,84.1,83.6,na,3,0.25,350,0.11,0.634,2.835,0.671,2.287,110.1,3.111,117.5,187.5,90.15,238.9341384
2_023_L5_19_e,2,1,23,5,na,e,19,0.3,12,84.1,83.6,na,4,0.25,350,0.11,0.623,2.632,0.612,2.121,103.4,2.869,117.5,187.5,90.15,238.9341384
2_023_L5_19_e,2,1,23,5,na,e,19,0.3,12,84.1,83.6,na,5,0.25,350,0.11,0.667,3.224,0.67,2.435,107.9,3.703,117.5,187.5,90.15,238.9341384
2_023_L5_19_e,2,1,23,5,na,e,19,0.3,12,84.1,83.6,na,6,0.25,350,0.11,0.708,3.102,0.67,2.206,109.7,3.353,117.5,187.5,90.15,238.9341384
2_023_L5_19_f,2,2,23,5,na,f,19,0.3,12,84.1,83.6,na,1,0.25,350,0.11,0.604,2.805,0.791,2.432,108.2,3.417,117.5,182.8,87.15,234.1307594
2_023_L5_19_f,2,2,23,5,na,f,19,0.3,12,84.1,83.6,na,2,0.25,350,0.11,0.564,2.559,0.776,2.352,105.6,2.824,117.5,182.8,87.15,234.1307594
2_023_L5_19_f,2,2,23,5,na,f,19,0.3,12,84.1,83.6,na,3,0.25,350,0.11,0.58,2.705,0.785,2.435,106.0,3.068,117.5,182.8,87.15,234.1307594
2_023_L5_19_f,2,2,23,5,na,f,19,0.3,12,84.1,83.6,na,4,0.25,350,0.11,0.606,2.561,0.53,1.968,109.8,3.266,117.5,182.8,87.15,234.1307594
2_023_L5_19_f,2,2,23,5,na,f,19,0.3,12,84.1,83.6,na,5,0.25,350,0.11,0.583,2.74,0.78,2.432,109.1,3.313,117.5,182.8,87.15,234.1307594
2_023_L5_19_f,2,2,23,5,na,f,19,0.3,12,84.1,83.6,na,6,0.25,350,0.11,0.58,2.695,0.857,2.64,106.2,3.042,117.5,182.8,87.15,234.1307594
2_023_L5_18_g,2,2,23,5,na,g,18,0.3,12,84.1,83.6,na,1,0.25,350,0.09,0.458,2.403,1.228,3.56,90.7,2.585,106.6,173.0,85.26,220.3674831
2_023_L5_18_g,2,2,23,5,na,g,18,0.3,12,84.1,83.6,na,2,0.25,350,0.09,0.466,2.505,1.13,3.411,89.3,2.853,106.6,173.0,85.26,220.3674831
2_023_L5_18_g,2,2,23,5,na,g,18,0.3,12,84.1,83.6,na,3,0.25,350,0.09,0.468,2.518,1.159,3.472,91.0,2.666,106.6,173.0,85.26,220.3674831
2_023_L5_18_g,2,2,23,5,na,g,18,0.3,12,84.1,83.6,na,4,0.25,350,0.09,0.476,2.493,1.057,3.204,90.0,2.694,106.6,173.0,85.26,220.3674831
2_023_L5_18_g,2,2,23,5,na,g,18,0.3,12,84.1,83.6,na,5,0.25,350,0.09,0.484,2.651,1.017,3.219,89.5,2.928,106.6,173.0,85.26,220.3674831
2_023_L5_18_g,2,2,23,5,na,g,18,0.3,12,84.1,83.6,na,6,0.25,350,0.09,0.473,2.449,1.035,3.092,90.4,2.645,106.6,173.0,85.26,220.3674831
2_023_L5_20_h,2,2,23,5,na,h,20,0.3,12,84.1,83.6,na,1,0.25,350,0.13,0.838,3.678,0.671,2.23,127.8,3.876,127.8,181.1,88.08,238.5123401
2_023_L5_20_h,2,2,23,5,na,h,20,0.3,12,84.1,83.6,na,2,0.25,350,0.13,0.824,3.593,0.658,2.204,130.4,3.912,127.8,181.1,88.08,238.5123401
2_023_L5_20_h,2,2,23,5,na,h,20,0.3,12,84.1,83.6,na,3,0.25,350,0.13,0.854,3.746,0.699,2.231,130.8,3.97,127.8,181.1,88.08,238.5123401
2_023_L5_20_h,2,2,23,5,na,h,20,0.3,12,84.1,83.6,na,4,0.25,350,0.13,0.776,3.621,0.834,2.511,122.6,3.832,127.8,181.1,88.08,238.5123401
2_023_L5_20_h,2,2,23,5,na,h,20,0.3,12,84.1,83.6,na,5,0.25,350,0.13,0.767,3.466,0.801,2.405,131.1,3.689,127.8,181.1,88.08,238.5123401
2_023_L5_20_h,2,2,23,5,na,h,20,0.3,12,84.1,83.6,na,6,0.25,350,0.13,0.814,3.719,0.727,2.358,131.0,3.897,127.8,181.1,88.08,238.5123401
2_081_L6_23_a,2,1,81,6,na,a,23,0.3,12,83.6,82.6,na,1,0.5,350,0.11,0.66,3.69,0.334,2.792,111.1,4.423,213.5,243.7,206.6,384.2596778
2_081_L6_23_a,2,1,81,6,na,a,23,0.3,12,83.6,82.6,na,2,0.5,350,0.11,0.663,3.761,0.417,2.893,106.3,4.059,213.5,243.7,206.6,384.2596778
2_081_L6_23_a,2,1,81,6,na,a,23,0.3,12,83.6,82.6,na,3,0.5,350,0.11,0.646,3.472,0.376,2.733,108.8,3.824,213.5,243.7,206.6,384.2596778
2_081_L6_23_a,2,1,81,6,na,a,23,0.3,12,83.6,82.6,na,4,0.5,350,0.11,0.587,3.358,0.461,3.019,108.9,3.697,213.5,243.7,206.6,384.2596778
2_081_L6_23_a,2,1,81,6,na,a,23,0.3,12,83.6,82.6,na,5,0.5,350,0.11,0.667,3.817,0.345,2.943,111.1,4.305,213.5,243.7,206.6,384.2596778
2_081_L6_23_a,2,1,81,6,na,a,23,0.3,12,83.6,82.6,na,6,0.5,350,0.11,0.575,3.309,0.525,3.095,109.5,3.634,213.5,243.7,206.6,384.2596778
2_081_L6_21_b,2,1,81,6,na,b,21,0.3,12,82.6,81.6,na,1,0.5,350,0.07,0.423,2.136,0.446,2.503,71.5,2.538,170.1,224.2,198.1,344.1558659
2_081_L6_21_b,2,1,81,6,na,b,21,0.3,12,82.6,81.6,na,2,0.5,350,0.07,0.458,2.315,0.218,2.334,68.9,2.577,170.1,224.2,198.1,344.1558659
2_081_L6_21_b,2,1,81,6,na,b,21,0.3,12,82.6,81.6,na,3,0.5,350,0.07,0.42,2.298,1.254,3.759,70.2,2.459,170.1,224.2,198.1,344.1558659
2_081_L6_21_b,2,1,81,6,na,b,21,0.3,12,82.6,81.6,na,4,0.5,350,0.07,0.429,2.363,1.222,3.676,69.5,2.549,170.1,224.2,198.1,344.1558659
2_081_L6_21_b,2,1,81,6,na,b,21,0.3,12,82.6,81.6,na,5,0.5,350,0.07,0.448,2.213,0.907,2.847,68.9,2.454,170.1,224.2,198.1,344.1558659
2_081_L6_21_b,2,1,81,6,na,b,21,0.3,12,82.6,81.6,na,6,0.5,350,0.07,0.367,2.027,0.164,2.627,73.8,2.341,170.1,224.2,198.1,344.1558659
2_081_L6_22_c,2,1,81,6,na,c,24,0.3,12,81.6,80.6,na,1,0.5,350,0.13,0.937,4.439,0.501,2.337,129.7,4.834,230.0,232.0,189.2,377.5190591
2_081_L6_22_c,2,1,81,6,na,c,24,0.3,12,81.6,80.6,na,2,0.5,350,0.13,0.895,4.518,0.624,2.635,131.0,5.128,230.0,232.0,189.2,377.5190591
2_081_L6_22_c,2,1,81,6,na,c,24,0.3,12,81.6,80.6,na,3,0.5,350,0.13,0.89,4.324,0.642,2.565,130.3,4.666,230.0,232.0,189.2,377.5190591
2_081_L6_22_c,2,1,81,6,na,c,24,0.3,12,81.6,80.6,na,4,0.5,350,0.13,0.909,4.193,0.584,2.444,128.1,4.418,230.0,232.0,189.2,377.5190591
2_081_L6_22_c,2,1,81,6,na,c,24,0.3,12,81.6,80.6,na,5,0.5,350,0.13,0.837,4.213,0.722,2.725,127.1,4.531,230.0,232.0,189.2,377.5190591
2_081_L6_22_c,2,1,81,6,na,c,24,0.3,12,81.6,80.6,na,6,0.5,350,0.13,0.904,4.279,0.498,2.408,133.8,4.547,230.0,232.0,189.2,377.5190591
2_081_L6_22_d,2,1,81,6,na,d,22,0.3,12,80.6,79.6,na,1,0.5,350,0.09,0.472,2.865,0.83,3.514,83.3,3.225,195.0,229.7,190.6,356.5325371
2_081_L6_22_d,2,1,81,6,na,d,22,0.3,12,80.6,79.6,na,2,0.5,350,0.09,0.495,2.98,0.783,3.479,53.5,3.324,195.0,229.7,190.6,356.5325371
2_081_L6_22_d,2,1,81,6,na,d,22,0.3,12,80.6,79.6,na,3,0.5,350,0.09,0.496,2.889,0.887,3.469,51.7,3.098,195.0,229.7,190.6,356.5325371
2_081_L6_22_d,2,1,81,6,na,d,22,0.3,12,80.6,79.6,na,4,0.5,350,0.09,0.495,2.978,0.826,3.535,87.6,3.282,195.0,229.7,190.6,356.5325371
2_081_L6_22_d,2,1,81,6,na,d,22,0.3,12,80.6,79.6,na,5,0.5,350,0.09,0.455,2.829,0.792,3.59,81.8,3.168,195.0,229.7,190.6,356.5325371
2_081_L6_22_d,2,1,81,6,na,d,22,0.3,12,80.6,79.6,na,6,0.5,350,0.09,0.489,2.843,0.947,3.566,63.4,3.006,195.0,229.7,190.6,356.5325371
2_081_L6_21_e,2,2,81,6,na,e,21,0.3,12,79.6,78.6,na,1,0.5,350,0.07,0.52,2.854,0.441,2.916,56.3,2.995,168.7,217.0,179.0,328.0086737
2_081_L6_21_e,2,2,81,6,na,e,21,0.3,12,79.6,78.6,na,2,0.5,350,0.07,0.497,3.03,0.313,3.215,54.2,3.414,168.7,217.0,179.0,328.0086737
2_081_L6_21_e,2,2,81,6,na,e,21,0.3,12,79.6,78.6,na,3,0.5,350,0.07,0.514,2.985,0.215,2.964,62.8,3.198,168.7,217.0,179.0,328.0086737
2_081_L6_21_e,2,2,81,6,na,e,21,0.3,12,79.6,78.6,na,4,0.5,350,0.07,0.508,2.876,0.47,3.073,59.8,2.998,168.7,217.0,179.0,328.0086737
2_081_L6_21_e,2,2,81,6,na,e,21,0.3,12,79.6,78.6,na,5,0.5,350,0.07,0.533,3.03,0.294,2.972,61.4,3.218,168.7,217.0,179.0,328.0086737
2_081_L6_21_e,2,2,81,6,na,e,21,0.3,12,79.6,78.6,na,6,0.5,350,0.07,0.466,2.884,0.257,3.281,64.2,3.043,168.7,217.0,179.0,328.0086737
2_081_L6_23_f,2,2,81,6,na,f,23,0.3,12,78.6,77.6,na,1,0.5,350,0.11,0.737,3.73,0.524,2.425,109.3,4.133,209.9,226.3,178.9,356.7560932
2_081_L6_23_f,2,2,81,6,na,f,23,0.3,12,78.6,77.6,na,2,0.5,350,0.11,0.714,3.644,0.628,2.564,104.7,3.853,209.9,226.3,178.9,356.7560932
2_081_L6_23_f,2,2,81,6,na,f,23,0.3,12,78.6,77.6,na,3,0.5,350,0.11,0.737,3.605,0.536,2.386,109.3,3.814,209.9,226.3,178.9,356.7560932
2_081_L6_23_f,2,2,81,6,na,f,23,0.3,12,78.6,77.6,na,4,0.5,350,0.11,0.736,3.677,0.577,2.47,110.9,3.831,209.9,226.3,178.9,356.7560932
2_081_L6_23_f,2,2,81,6,na,f,23,0.3,12,78.6,77.6,na,5,0.5,350,0.11,0.726,3.549,0.531,2.377,98.1,3.818,209.9,226.3,178.9,356.7560932
2_081_L6_23_f,2,2,81,6,na,f,23,0.3,12,78.6,77.6,na,6,0.5,350,0.11,0.74,3.825,0.575,2.533,110.1,4.063,209.9,226.3,178.9,356.7560932
2_081_L6_24_g,2,2,81,6,na,g,24,0.3,12,77.6,76.6,na,1,0.5,350,0.13,0.846,4.067,0.587,2.292,130.4,4.373,228.3,221.4,172.0,361.5561505
2_081_L6_24_g,2,2,81,6,na,g,24,0.3,12,77.6,76.6,na,2,0.5,350,0.13,0.83,3.963,0.506,2.252,130.8,4.138,228.3,221.4,172.0,361.5561505
2_081_L6_24_g,2,2,81,6,na,g,24,0.3,12,77.6,76.6,na,3,0.5,350,0.13,0.858,4.154,0.41,2.216,130.2,4.444,228.3,221.4,172.0,361.5561505
2_081_L6_24_g,2,2,81,6,na,g,24,0.3,12,77.6,76.6,na,4,0.5,350,0.13,0.811,4.084,0.566,2.386,121.2,4.378,228.3,221.4,172.0,361.5561505
2_081_L6_24_g,2,2,81,6,na,g,24,0.3,12,77.6,76.6,na,5,0.5,350,0.13,0.843,4.038,0.489,2.268,133.2,4.269,228.3,221.4,172.0,361.5561505
2_081_L6_24_g,2,2,81,6,na,g,24,0.3,12,77.6,76.6,na,6,0.5,350,0.13,0.829,3.988,0.519,2.246,127.4,4.243,228.3,221.4,172.0,361.5561505
2_081_L6_22_h,2,2,81,6,na,h,22,0.3,12,76.6,75.6,na,1,0.5,350,0.09,0.477,2.952,0.91,3.597,87.4,3.104,195.1,221.2,174.9,342.9044473
2_081_L6_22_h,2,2,81,6,na,h,22,0.3,12,76.6,75.6,na,2,0.5,350,0.09,0.488,2.934,0.925,3.603,73.0,3.168,195.1,221.2,174.9,342.9044473
2_081_L6_22_h,2,2,81,6,na,h,22,0.3,12,76.6,75.6,na,3,0.5,350,0.09,0.481,2.872,1.013,3.741,90.8,2.993,195.1,221.2,174.9,342.9044473
2_081_L6_22_h,2,2,81,6,na,h,22,0.3,12,76.6,75.6,na,4,0.5,350,0.09,0.467,2.852,1.06,3.951,77.7,3.156,195.1,221.2,174.9,342.9044473
2_081_L6_22_h,2,2,81,6,na,h,22,0.3,12,76.6,75.6,na,5,0.5,350,0.09,0.481,2.787,0.87,3.386,81.3,3.037,195.1,221.2,174.9,342.9044473
2_081_L6_22_h,2,2,81,6,na,h,22,0.3,12,76.6,75.6,na,6,0.5,350,0.09,0.473,2.958,1.001,3.859,78.5,3.196,195.1,221.2,174.9,342.9044473
